SEASON_ID,Player_ID,Game_ID,GAME_DATE,MATCHUP,WL,MIN,FGM,FGA,FG_PCT,FG3M,FG3A,FG3_PCT,FTM,FTA,FT_PCT,OREB,DREB,REB,AST,STL,BLK,TOV,PF,PTS,PLUS_MINUS,VIDEO_AVAILABLE,PLAYER_NAME
22023,1628369,0022301167,"APR 11, 2024",BOS vs. NYK,L,32,5,13,0.385,1,7,0.143,7,9,0.778,1,3,4,7,2,1,2,3,18,-30,1,Jayson Tatum
22023,1628369,0022301148,"APR 09, 2024",BOS @ MIL,L,37,9,19,0.474,4,9,0.444,0,0,0.0,0,5,5,6,0,1,2,1,22,-11,1,Jayson Tatum
22023,1628369,0022301118,"APR 05, 2024",BOS vs. SAC,W,33,5,15,0.333,1,6,0.167,6,8,0.75,0,6,6,5,0,0,3,0,17,14,1,Jayson Tatum
22023,1628369,0022301105,"APR 03, 2024",BOS vs. OKC,W,29,7,15,0.467,2,5,0.4,8,8,1.0,3,4,7,3,1,0,0,2,24,14,1,Jayson Tatum
22023,1628369,0022301087,"APR 01, 2024",BOS @ CHA,W,34,9,19,0.474,4,10,0.4,3,3,1.0,0,10,10,4,2,1,4,2,25,14,1,Jayson Tatum
22023,1628369,0022301074,"MAR 30, 2024",BOS @ NOP,W,36,10,17,0.588,3,6,0.5,0,0,0.0,1,8,9,4,0,0,4,1,23,8,1,Jayson Tatum
22023,1628369,0022301060,"MAR 28, 2024",BOS @ ATL,L,45,9,22,0.409,2,7,0.286,11,13,0.846,3,10,13,6,0,0,2,3,31,-11,1,Jayson Tatum
22023,1628369,0022301034,"MAR 25, 2024",BOS @ ATL,L,39,13,26,0.5,2,7,0.286,9,11,0.818,2,6,8,5,2,1,2,1,37,3,1,Jayson Tatum
22023,1628369,0022301023,"MAR 23, 2024",BOS @ CHI,W,37,8,20,0.4,2,7,0.286,8,9,0.889,1,1,2,6,1,1,5,1,26,5,1,Jayson Tatum
22023,1628369,0022300998,"MAR 20, 2024",BOS vs. MIL,W,39,9,19,0.474,4,7,0.571,9,10,0.9,0,8,8,4,3,2,2,2,31,2,1,Jayson Tatum
22023,1628369,0022300980,"MAR 17, 2024",BOS @ WAS,W,27,8,17,0.471,6,12,0.5,8,10,0.8,0,6,6,6,3,1,2,1,30,26,1,Jayson Tatum
22023,1628369,0022300955,"MAR 14, 2024",BOS vs. PHX,W,33,10,18,0.556,4,8,0.5,2,3,0.667,1,4,5,5,0,0,3,3,26,26,1,Jayson Tatum
22023,1628369,0022300943,"MAR 12, 2024",BOS @ UTA,W,34,13,25,0.52,4,10,0.4,8,8,1.0,2,4,6,2,0,1,3,3,38,8,1,Jayson Tatum
22023,1628369,0022300938,"MAR 11, 2024",BOS @ POR,W,36,9,23,0.391,2,8,0.25,6,8,0.75,0,5,5,8,0,0,1,0,26,16,1,Jayson Tatum
22023,1628369,0022300920,"MAR 09, 2024",BOS @ PHX,W,42,11,28,0.393,5,9,0.556,2,2,1.0,3,7,10,7,1,0,4,0,29,4,1,Jayson Tatum
22023,1628369,0022300906,"MAR 07, 2024",BOS @ DEN,L,39,5,13,0.385,2,5,0.4,3,4,0.75,1,3,4,8,2,0,5,4,15,-2,1,Jayson Tatum
22023,1628369,0022300886,"MAR 05, 2024",BOS @ CLE,L,38,8,21,0.381,5,9,0.556,5,6,0.833,2,11,13,2,0,0,2,3,26,-7,1,Jayson Tatum
22023,1628369,0022300872,"MAR 03, 2024",BOS vs. GSW,W,25,9,13,0.692,4,5,0.8,5,5,1.0,0,3,3,5,1,1,0,2,27,40,1,Jayson Tatum
22023,1628369,0022300859,"MAR 01, 2024",BOS vs. DAL,W,37,10,19,0.526,5,9,0.556,7,7,1.0,0,8,8,3,0,0,4,2,32,17,1,Jayson Tatum
22023,1628369,0022300836,"FEB 27, 2024",BOS vs. PHI,W,35,9,20,0.45,1,7,0.143,10,11,0.909,0,11,11,8,0,1,1,1,29,27,1,Jayson Tatum
22023,1628369,0022300816,"FEB 24, 2024",BOS @ NYK,W,43,7,15,0.467,2,8,0.25,3,4,0.75,1,5,6,6,2,1,4,3,19,15,1,Jayson Tatum
22023,1628369,0022300797,"FEB 22, 2024",BOS @ CHI,W,35,8,17,0.471,5,10,0.5,4,6,0.667,0,7,7,5,3,0,3,3,25,13,1,Jayson Tatum
22023,1628369,0022300780,"FEB 14, 2024",BOS vs. BKN,W,28,7,16,0.438,2,7,0.286,4,5,0.8,1,6,7,9,0,0,1,0,20,27,1,Jayson Tatum
22023,1628369,0022300771,"FEB 13, 2024",BOS @ BKN,W,39,14,26,0.538,5,11,0.455,8,8,1.0,0,14,14,5,2,1,2,3,41,21,1,Jayson Tatum
22023,1628369,0022300759,"FEB 11, 2024",BOS @ MIA,W,39,11,20,0.55,2,6,0.333,2,2,1.0,1,9,10,9,0,2,1,1,26,5,1,Jayson Tatum
22023,1628369,0022300743,"FEB 09, 2024",BOS vs. WAS,W,38,12,22,0.545,3,10,0.3,8,9,0.889,1,9,10,8,1,2,2,1,35,9,1,Jayson Tatum
22023,1628369,0022300729,"FEB 07, 2024",BOS vs. ATL,W,36,8,21,0.381,2,13,0.154,2,2,1.0,0,9,9,7,1,0,3,3,20,3,1,Jayson Tatum
22023,1628369,0022300706,"FEB 04, 2024",BOS vs. MEM,W,31,12,22,0.545,6,12,0.5,4,4,1.0,1,7,8,7,1,0,2,1,34,27,1,Jayson Tatum
22023,1628369,0022300684,"FEB 01, 2024",BOS vs. LAL,L,37,8,21,0.381,5,10,0.5,2,2,1.0,2,5,7,3,1,1,2,3,23,-12,1,Jayson Tatum
22023,1628369,0022300670,"JAN 30, 2024",BOS vs. IND,W,39,12,19,0.632,4,9,0.444,2,3,0.667,0,7,7,7,1,2,2,2,30,-4,1,Jayson Tatum
22023,1628369,0022300659,"JAN 29, 2024",BOS vs. NOP,W,38,10,18,0.556,2,8,0.25,6,7,0.857,0,10,10,8,3,1,7,1,28,9,1,Jayson Tatum
22023,1628369,0022300646,"JAN 27, 2024",BOS vs. LAC,L,30,8,18,0.444,2,4,0.5,3,3,1.0,3,8,11,1,0,1,3,2,21,-32,1,Jayson Tatum
22023,1628369,0022300630,"JAN 25, 2024",BOS @ MIA,W,32,7,15,0.467,3,7,0.429,9,10,0.9,1,7,8,4,0,0,1,1,26,22,1,Jayson Tatum
22023,1628369,0022300611,"JAN 22, 2024",BOS @ DAL,W,41,11,21,0.524,2,8,0.25,15,19,0.789,0,11,11,5,3,2,0,4,39,27,1,Jayson Tatum
22023,1628369,0022300603,"JAN 21, 2024",BOS @ HOU,W,35,4,17,0.235,1,6,0.167,9,12,0.75,1,6,7,3,1,0,2,0,18,-4,1,Jayson Tatum
22023,1628369,0022300586,"JAN 19, 2024",BOS vs. DEN,L,39,9,24,0.375,1,8,0.125,3,3,1.0,2,6,8,5,1,0,0,1,22,6,1,Jayson Tatum
22023,1628369,0022300571,"JAN 17, 2024",BOS vs. SAS,W,32,9,21,0.429,3,8,0.375,3,5,0.6,0,5,5,2,0,0,2,2,24,11,1,Jayson Tatum
22023,1628369,0022300563,"JAN 15, 2024",BOS @ TOR,W,37,7,19,0.368,1,6,0.167,4,4,1.0,0,14,14,6,1,1,1,2,19,8,1,Jayson Tatum
22023,1628369,0022300542,"JAN 13, 2024",BOS vs. HOU,W,30,9,17,0.529,4,7,0.571,5,7,0.714,1,7,8,5,1,1,2,2,27,9,1,Jayson Tatum
22023,1628369,0022300528,"JAN 11, 2024",BOS @ MIL,L,16,2,6,0.333,0,1,0.0,3,4,0.75,0,1,1,3,0,0,1,2,7,-31,1,Jayson Tatum
22023,1628369,0022300517,"JAN 10, 2024",BOS vs. MIN,W,42,13,26,0.5,6,11,0.545,13,14,0.929,0,4,4,2,1,0,1,3,45,3,1,Jayson Tatum
22023,1628369,0022300493,"JAN 06, 2024",BOS @ IND,W,38,14,23,0.609,8,13,0.615,2,4,0.5,1,12,13,6,1,0,4,4,38,19,1,Jayson Tatum
22023,1628369,0022300479,"JAN 05, 2024",BOS vs. UTA,W,25,6,12,0.5,5,8,0.625,13,14,0.929,0,9,9,5,1,1,1,1,30,34,1,Jayson Tatum
22023,1628369,0022300462,"JAN 02, 2024",BOS @ OKC,L,38,10,21,0.476,2,5,0.4,8,10,0.8,5,8,13,8,1,0,4,3,30,0,1,Jayson Tatum
22023,1628369,0022300448,"DEC 31, 2023",BOS @ SAS,W,31,10,17,0.588,5,10,0.5,0,0,0.0,1,5,6,2,0,2,3,1,25,32,1,Jayson Tatum
22023,1628369,0022300421,"DEC 28, 2023",BOS vs. DET,W,43,11,31,0.355,2,11,0.182,7,8,0.875,2,5,7,10,5,0,3,4,31,10,1,Jayson Tatum
22023,1628369,0022300403,"DEC 25, 2023",BOS @ LAL,W,41,6,15,0.4,1,6,0.167,12,13,0.923,0,8,8,7,0,1,1,0,25,10,1,Jayson Tatum
22023,1628369,0022300389,"DEC 23, 2023",BOS @ LAC,W,30,9,16,0.563,5,10,0.5,7,9,0.778,0,4,4,2,1,0,2,0,30,19,1,Jayson Tatum
22023,1628369,0022300362,"DEC 19, 2023",BOS @ GSW,L,41,5,17,0.294,2,9,0.222,3,3,1.0,3,5,8,7,2,0,0,0,15,-9,1,Jayson Tatum
22023,1628369,0022300344,"DEC 17, 2023",BOS vs. ORL,W,31,8,21,0.381,4,6,0.667,3,4,0.75,3,5,8,3,0,1,1,3,23,9,1,Jayson Tatum
22023,1628369,0022300329,"DEC 15, 2023",BOS vs. ORL,W,39,11,22,0.5,2,9,0.222,6,9,0.667,0,6,6,4,0,0,2,3,30,14,1,Jayson Tatum
22023,1628369,0022300319,"DEC 14, 2023",BOS vs. CLE,W,36,9,22,0.409,3,10,0.3,6,8,0.75,3,8,11,3,0,3,3,1,27,2,1,Jayson Tatum
22023,1628369,0022300305,"DEC 12, 2023",BOS vs. CLE,W,41,7,19,0.368,2,9,0.222,9,9,1.0,0,10,10,5,0,2,4,3,25,9,1,Jayson Tatum
22023,1628369,0022301227,"DEC 08, 2023",BOS vs. NYK,W,39,8,18,0.444,3,9,0.333,6,8,0.75,0,6,6,5,1,0,0,3,25,17,1,Jayson Tatum
22023,1628369,0022301202,"DEC 04, 2023",BOS @ IND,L,37,13,26,0.5,2,8,0.25,4,7,0.571,1,11,12,6,1,0,2,2,32,-14,1,Jayson Tatum
22023,1628369,0022300275,"DEC 01, 2023",BOS vs. PHI,W,27,6,9,0.667,2,5,0.4,7,9,0.778,0,7,7,4,1,1,7,1,21,-7,1,Jayson Tatum
22023,1628369,0022300053,"NOV 28, 2023",BOS vs. CHI,W,36,8,16,0.5,2,8,0.25,3,3,1.0,1,6,7,4,0,0,4,2,21,18,1,Jayson Tatum
22023,1628369,0022300246,"NOV 26, 2023",BOS vs. ATL,W,39,11,25,0.44,5,13,0.385,7,10,0.7,1,8,9,4,2,0,6,2,34,3,1,Jayson Tatum
22023,1628369,0022300043,"NOV 24, 2023",BOS @ ORL,L,39,7,16,0.438,0,3,0.0,12,13,0.923,0,5,5,3,2,0,2,3,26,-21,1,Jayson Tatum
22023,1628369,0022300228,"NOV 22, 2023",BOS vs. MIL,W,36,7,17,0.412,2,9,0.222,7,9,0.778,0,11,11,4,0,1,2,2,23,-2,1,Jayson Tatum
22023,1628369,0022300217,"NOV 20, 2023",BOS @ CHA,L,44,15,28,0.536,7,15,0.467,8,10,0.8,0,13,13,6,0,2,3,1,45,-5,1,Jayson Tatum
22023,1628369,0022300213,"NOV 19, 2023",BOS @ MEM,W,35,7,13,0.538,1,1,1.0,5,6,0.833,2,7,9,5,1,1,8,4,20,-1,1,Jayson Tatum
22023,1628369,0022300031,"NOV 17, 2023",BOS @ TOR,W,37,8,22,0.364,1,11,0.091,0,0,0.0,1,6,7,2,1,0,3,3,17,-4,1,Jayson Tatum
22023,1628369,0022300194,"NOV 15, 2023",BOS @ PHI,W,39,10,23,0.435,4,10,0.4,5,6,0.833,2,6,8,6,2,0,3,1,29,2,1,Jayson Tatum
22023,1628369,0022300188,"NOV 13, 2023",BOS vs. NYK,W,39,13,23,0.565,5,12,0.417,4,5,0.8,1,5,6,7,1,0,3,5,35,12,1,Jayson Tatum
22023,1628369,0022300174,"NOV 11, 2023",BOS vs. TOR,W,34,10,18,0.556,3,9,0.333,4,6,0.667,0,5,5,4,0,1,1,2,27,42,1,Jayson Tatum
22023,1628369,0022300010,"NOV 10, 2023",BOS vs. BKN,W,33,6,17,0.353,4,11,0.364,7,9,0.778,1,9,10,3,0,0,2,1,23,28,1,Jayson Tatum
22023,1628369,0022300159,"NOV 08, 2023",BOS @ PHI,L,37,6,14,0.429,2,6,0.333,2,3,0.667,1,14,15,6,3,0,2,2,16,-1,1,Jayson Tatum
22023,1628369,0022300154,"NOV 06, 2023",BOS @ MIN,L,43,12,22,0.545,2,8,0.25,6,8,0.75,0,5,5,2,5,0,6,2,32,3,1,Jayson Tatum
22023,1628369,0022300136,"NOV 04, 2023",BOS @ BKN,W,41,10,20,0.5,6,10,0.6,6,6,1.0,1,10,11,1,0,0,3,1,32,18,1,Jayson Tatum
22023,1628369,0022300118,"NOV 01, 2023",BOS vs. IND,W,27,9,15,0.6,3,5,0.6,9,10,0.9,2,10,12,4,0,0,2,1,30,36,1,Jayson Tatum
22023,1628369,0022300103,"OCT 30, 2023",BOS @ WAS,W,28,14,21,0.667,4,9,0.444,1,1,1.0,0,6,6,3,0,0,2,2,33,27,1,Jayson Tatum
22023,1628369,0022300080,"OCT 27, 2023",BOS vs. MIA,W,41,9,22,0.409,3,10,0.3,1,3,0.333,0,8,8,5,1,0,2,4,22,13,1,Jayson Tatum
22023,1628369,0022300065,"OCT 25, 2023",BOS @ NYK,W,39,13,22,0.591,3,8,0.375,5,6,0.833,0,11,11,4,2,1,4,3,34,0,1,Jayson Tatum
22023,201950,0022301167,"APR 11, 2024",BOS vs. NYK,L,29,3,7,0.429,1,4,0.25,0,0,0.0,1,4,5,1,1,2,2,2,7,-26,1,Jrue Holiday
22023,201950,0022301148,"APR 09, 2024",BOS @ MIL,L,32,5,13,0.385,2,6,0.333,0,0,0.0,3,4,7,5,1,1,2,0,12,-10,1,Jrue Holiday
22023,201950,0022301134,"APR 07, 2024",BOS vs. POR,W,21,5,8,0.625,2,3,0.667,0,0,0.0,0,1,1,2,0,0,0,1,12,7,1,Jrue Holiday
22023,201950,0022301118,"APR 05, 2024",BOS vs. SAC,W,31,5,8,0.625,0,2,0.0,0,0,0.0,1,3,4,7,0,0,1,0,10,-1,1,Jrue Holiday
22023,201950,0022301105,"APR 03, 2024",BOS vs. OKC,W,32,5,9,0.556,2,6,0.333,0,0,0.0,1,6,7,4,0,1,3,1,12,31,1,Jrue Holiday
22023,201950,0022301087,"APR 01, 2024",BOS @ CHA,W,30,1,11,0.091,0,8,0.0,0,0,0.0,1,4,5,2,0,0,1,2,2,6,1,Jrue Holiday
22023,201950,0022301074,"MAR 30, 2024",BOS @ NOP,W,35,5,10,0.5,3,6,0.5,0,0,0.0,1,7,8,7,2,1,3,2,13,8,1,Jrue Holiday
22023,201950,0022301060,"MAR 28, 2024",BOS @ ATL,L,37,5,11,0.455,3,6,0.5,0,0,0.0,1,6,7,5,1,1,0,1,13,-1,1,Jrue Holiday
22023,201950,0022300980,"MAR 17, 2024",BOS @ WAS,W,22,3,7,0.429,1,2,0.5,0,0,0.0,0,1,1,3,1,2,3,2,7,17,1,Jrue Holiday
22023,201950,0022300955,"MAR 14, 2024",BOS vs. PHX,W,33,3,5,0.6,3,5,0.6,0,0,0.0,0,0,0,10,2,2,0,1,9,26,1,Jrue Holiday
22023,201950,0022300943,"MAR 12, 2024",BOS @ UTA,W,38,6,12,0.5,2,7,0.286,2,2,1.0,1,4,5,8,2,1,1,1,16,7,1,Jrue Holiday
22023,201950,0022300920,"MAR 09, 2024",BOS @ PHX,W,36,5,7,0.714,3,5,0.6,2,2,1.0,0,3,3,6,2,1,3,1,15,6,1,Jrue Holiday
22023,201950,0022300906,"MAR 07, 2024",BOS @ DEN,L,35,5,10,0.5,2,6,0.333,0,0,0.0,1,3,4,2,0,0,1,2,12,-6,1,Jrue Holiday
22023,201950,0022300886,"MAR 05, 2024",BOS @ CLE,L,36,5,9,0.556,2,6,0.333,0,0,0.0,2,2,4,5,2,0,4,1,12,-14,1,Jrue Holiday
22023,201950,0022300872,"MAR 03, 2024",BOS vs. GSW,W,26,3,7,0.429,1,3,0.333,0,0,0.0,1,5,6,4,0,1,0,2,7,39,1,Jrue Holiday
22023,201950,0022300859,"MAR 01, 2024",BOS vs. DAL,W,27,4,6,0.667,3,3,1.0,0,0,0.0,0,2,2,7,2,1,0,1,11,12,1,Jrue Holiday
22023,201950,0022300836,"FEB 27, 2024",BOS vs. PHI,W,35,6,8,0.75,1,1,1.0,0,0,0.0,3,4,7,4,1,2,4,0,13,19,1,Jrue Holiday
22023,201950,0022300816,"FEB 24, 2024",BOS @ NYK,W,35,5,10,0.5,2,6,0.333,0,0,0.0,0,1,1,6,2,1,1,2,12,14,1,Jrue Holiday
22023,201950,0022300797,"FEB 22, 2024",BOS @ CHI,W,29,3,5,0.6,2,3,0.667,1,2,0.5,0,3,3,6,2,1,2,3,9,9,1,Jrue Holiday
22023,201950,0022300780,"FEB 14, 2024",BOS vs. BKN,W,24,1,3,0.333,1,2,0.5,0,0,0.0,1,3,4,5,0,0,0,0,3,31,1,Jrue Holiday
22023,201950,0022300771,"FEB 13, 2024",BOS @ BKN,W,35,6,10,0.6,2,4,0.5,0,0,0.0,0,5,5,12,2,0,3,5,14,18,1,Jrue Holiday
22023,201950,0022300759,"FEB 11, 2024",BOS @ MIA,W,35,5,8,0.625,5,6,0.833,0,0,0.0,1,2,3,6,1,1,0,3,15,4,1,Jrue Holiday
22023,201950,0022300743,"FEB 09, 2024",BOS vs. WAS,W,34,9,13,0.692,2,2,1.0,0,0,0.0,3,4,7,5,1,0,2,2,20,-11,1,Jrue Holiday
22023,201950,0022300706,"FEB 04, 2024",BOS vs. MEM,W,27,2,6,0.333,1,3,0.333,2,2,1.0,0,3,3,4,1,0,2,1,7,11,1,Jrue Holiday
22023,201950,0022300684,"FEB 01, 2024",BOS vs. LAL,L,29,4,9,0.444,0,2,0.0,0,0,0.0,2,5,7,7,0,0,4,3,8,-9,1,Jrue Holiday
22023,201950,0022300670,"JAN 30, 2024",BOS vs. IND,W,39,6,8,0.75,3,3,1.0,2,2,1.0,0,5,5,4,1,3,1,0,17,2,1,Jrue Holiday
22023,201950,0022300659,"JAN 29, 2024",BOS vs. NOP,W,33,7,11,0.636,3,5,0.6,3,4,0.75,2,1,3,2,1,0,1,1,20,-4,1,Jrue Holiday
22023,201950,0022300646,"JAN 27, 2024",BOS vs. LAC,L,28,2,11,0.182,1,7,0.143,2,2,1.0,0,3,3,4,1,0,2,1,7,-28,1,Jrue Holiday
22023,201950,0022300630,"JAN 25, 2024",BOS @ MIA,W,29,7,8,0.875,3,4,0.75,0,0,0.0,0,5,5,5,0,1,3,1,17,13,1,Jrue Holiday
22023,201950,0022300611,"JAN 22, 2024",BOS @ DAL,W,38,6,13,0.462,5,12,0.417,0,0,0.0,0,7,7,6,0,1,1,2,17,19,1,Jrue Holiday
22023,201950,0022300586,"JAN 19, 2024",BOS vs. DEN,L,30,3,7,0.429,1,3,0.333,0,0,0.0,1,1,2,3,0,0,1,0,7,-12,1,Jrue Holiday
22023,201950,0022300571,"JAN 17, 2024",BOS vs. SAS,W,31,8,14,0.571,6,7,0.857,0,0,0.0,0,4,4,4,0,0,1,0,22,10,1,Jrue Holiday
22023,201950,0022300563,"JAN 15, 2024",BOS @ TOR,W,34,7,14,0.5,4,6,0.667,4,4,1.0,1,5,6,7,1,2,1,2,22,4,1,Jrue Holiday
22023,201950,0022300542,"JAN 13, 2024",BOS vs. HOU,W,26,4,10,0.4,1,4,0.25,2,2,1.0,2,4,6,3,0,0,1,2,11,22,1,Jrue Holiday
22023,201950,0022300528,"JAN 11, 2024",BOS @ MIL,L,19,2,9,0.222,0,4,0.0,2,2,1.0,1,3,4,2,0,0,1,1,6,-31,1,Jrue Holiday
22023,201950,0022300517,"JAN 10, 2024",BOS vs. MIN,W,40,5,15,0.333,2,10,0.2,0,0,0.0,1,4,5,4,2,1,2,3,12,8,1,Jrue Holiday
22023,201950,0022300507,"JAN 08, 2024",BOS @ IND,L,38,9,16,0.563,3,6,0.5,0,0,0.0,1,5,6,6,1,0,3,2,21,0,1,Jrue Holiday
22023,201950,0022300493,"JAN 06, 2024",BOS @ IND,W,37,3,9,0.333,1,5,0.2,1,2,0.5,1,5,6,5,1,0,2,2,8,6,1,Jrue Holiday
22023,201950,0022300479,"JAN 05, 2024",BOS vs. UTA,W,24,6,8,0.75,2,3,0.667,0,0,0.0,1,5,6,1,0,2,2,1,14,22,1,Jrue Holiday
22023,201950,0022300462,"JAN 02, 2024",BOS @ OKC,L,31,2,8,0.25,2,5,0.4,1,2,0.5,1,4,5,7,1,0,3,1,7,-15,1,Jrue Holiday
22023,201950,0022300432,"DEC 29, 2023",BOS vs. TOR,W,32,5,15,0.333,3,5,0.6,2,4,0.5,0,2,2,3,0,0,1,1,15,8,1,Jrue Holiday
22023,201950,0022300421,"DEC 28, 2023",BOS vs. DET,W,44,4,9,0.444,0,2,0.0,4,5,0.8,2,7,9,3,1,1,3,1,12,1,1,Jrue Holiday
22023,201950,0022300403,"DEC 25, 2023",BOS @ LAL,W,38,7,10,0.7,3,5,0.6,1,1,1.0,2,5,7,7,1,1,2,1,18,15,1,Jrue Holiday
22023,201950,0022300389,"DEC 23, 2023",BOS @ LAC,W,28,8,12,0.667,4,6,0.667,0,0,0.0,3,3,6,7,1,0,1,1,20,22,1,Jrue Holiday
22023,201950,0022300373,"DEC 20, 2023",BOS @ SAC,W,34,7,13,0.538,4,6,0.667,3,3,1.0,2,6,8,10,2,1,3,1,21,17,1,Jrue Holiday
22023,201950,0022300362,"DEC 19, 2023",BOS @ GSW,L,36,5,12,0.417,1,5,0.2,2,2,1.0,1,6,7,1,2,0,1,5,13,-14,1,Jrue Holiday
22023,201950,0022300344,"DEC 17, 2023",BOS vs. ORL,W,34,6,12,0.5,2,5,0.4,0,0,0.0,1,5,6,0,0,2,3,2,14,17,1,Jrue Holiday
22023,201950,0022300329,"DEC 15, 2023",BOS vs. ORL,W,28,2,7,0.286,2,3,0.667,0,0,0.0,1,3,4,4,2,1,0,2,6,12,1,Jrue Holiday
22023,201950,0022300319,"DEC 14, 2023",BOS vs. CLE,W,37,7,11,0.636,1,3,0.333,0,0,0.0,2,1,3,4,0,0,2,2,15,11,1,Jrue Holiday
22023,201950,0022300305,"DEC 12, 2023",BOS vs. CLE,W,34,4,7,0.571,3,5,0.6,0,0,0.0,2,2,4,2,3,1,1,3,11,2,1,Jrue Holiday
22023,201950,0022301227,"DEC 08, 2023",BOS vs. NYK,W,35,7,11,0.636,1,3,0.333,1,1,1.0,0,6,6,5,2,1,1,1,16,7,1,Jrue Holiday
22023,201950,0022301202,"DEC 04, 2023",BOS @ IND,L,38,3,9,0.333,1,5,0.2,2,2,1.0,1,5,6,3,1,1,1,1,9,-15,1,Jrue Holiday
22023,201950,0022300275,"DEC 01, 2023",BOS vs. PHI,W,35,4,11,0.364,3,5,0.6,2,2,1.0,0,5,5,6,1,0,3,2,13,7,1,Jrue Holiday
22023,201950,0022300053,"NOV 28, 2023",BOS vs. CHI,W,33,5,8,0.625,4,5,0.8,0,0,0.0,1,6,7,9,1,0,3,3,14,19,1,Jrue Holiday
22023,201950,0022300228,"NOV 22, 2023",BOS vs. MIL,W,35,1,8,0.125,1,5,0.2,2,2,1.0,1,7,8,1,1,1,2,3,5,-1,1,Jrue Holiday
22023,201950,0022300217,"NOV 20, 2023",BOS @ CHA,L,37,5,11,0.455,1,3,0.333,0,2,0.0,3,3,6,5,1,2,7,1,11,-4,1,Jrue Holiday
22023,201950,0022300213,"NOV 19, 2023",BOS @ MEM,W,37,2,7,0.286,1,3,0.333,2,2,1.0,2,4,6,4,0,0,2,1,7,-9,1,Jrue Holiday
22023,201950,0022300031,"NOV 17, 2023",BOS @ TOR,W,35,5,14,0.357,2,4,0.5,2,2,1.0,2,6,8,5,0,0,1,2,14,-2,1,Jrue Holiday
22023,201950,0022300194,"NOV 15, 2023",BOS @ PHI,W,35,8,18,0.444,2,9,0.222,0,1,0.0,2,8,10,3,1,2,1,0,18,16,1,Jrue Holiday
22023,201950,0022300188,"NOV 13, 2023",BOS vs. NYK,W,37,5,9,0.556,3,5,0.6,1,1,1.0,4,3,7,2,0,0,2,2,14,5,1,Jrue Holiday
22023,201950,0022300174,"NOV 11, 2023",BOS vs. TOR,W,30,4,9,0.444,0,2,0.0,0,0,0.0,0,3,3,7,1,2,4,2,8,22,1,Jrue Holiday
22023,201950,0022300010,"NOV 10, 2023",BOS vs. BKN,W,33,6,14,0.429,1,5,0.2,0,0,0.0,3,9,12,9,2,0,0,2,13,26,1,Jrue Holiday
22023,201950,0022300159,"NOV 08, 2023",BOS @ PHI,L,35,4,9,0.444,2,3,0.667,2,2,1.0,1,4,5,5,1,0,2,1,12,13,1,Jrue Holiday
22023,201950,0022300154,"NOV 06, 2023",BOS @ MIN,L,42,4,16,0.25,0,4,0.0,4,6,0.667,3,8,11,6,1,0,3,3,12,-19,1,Jrue Holiday
22023,201950,0022300136,"NOV 04, 2023",BOS @ BKN,W,40,6,15,0.4,4,9,0.444,2,2,1.0,4,5,9,10,0,1,3,1,18,14,1,Jrue Holiday
22023,201950,0022300118,"NOV 01, 2023",BOS vs. IND,W,25,6,9,0.667,3,4,0.75,0,0,0.0,0,7,7,4,0,1,1,0,15,20,1,Jrue Holiday
22023,201950,0022300103,"OCT 30, 2023",BOS @ WAS,W,27,4,7,0.571,1,3,0.333,2,2,1.0,1,4,5,3,1,2,1,1,11,28,1,Jrue Holiday
22023,201950,0022300080,"OCT 27, 2023",BOS vs. MIA,W,36,7,13,0.538,1,4,0.25,2,2,1.0,2,8,10,7,0,1,1,2,17,4,1,Jrue Holiday
22023,201950,0022300065,"OCT 25, 2023",BOS @ NYK,W,35,4,10,0.4,1,5,0.2,0,0,0.0,2,2,4,2,0,3,2,3,9,3,1,Jrue Holiday
22023,1627759,0022301167,"APR 11, 2024",BOS vs. NYK,L,29,6,15,0.4,1,5,0.2,2,3,0.667,1,1,2,1,0,2,3,3,15,-29,1,Jaylen Brown
22023,1627759,0022301148,"APR 09, 2024",BOS @ MIL,L,36,7,19,0.368,0,6,0.0,0,0,0.0,4,6,10,3,4,0,5,3,14,-13,1,Jaylen Brown
22023,1627759,0022301134,"APR 07, 2024",BOS vs. POR,W,30,10,17,0.588,3,5,0.6,3,3,1.0,0,4,4,2,1,1,2,2,26,6,1,Jaylen Brown
22023,1627759,0022301105,"APR 03, 2024",BOS vs. OKC,W,33,9,20,0.45,3,9,0.333,2,3,0.667,1,6,7,4,1,2,5,4,23,8,1,Jaylen Brown
22023,1627759,0022301074,"MAR 30, 2024",BOS @ NOP,W,35,6,16,0.375,3,4,0.75,2,2,1.0,2,5,7,6,1,1,2,2,17,4,1,Jaylen Brown
22023,1627759,0022301060,"MAR 28, 2024",BOS @ ATL,L,39,9,17,0.529,0,3,0.0,0,0,0.0,0,1,1,4,2,2,3,3,18,8,1,Jaylen Brown
22023,1627759,0022301034,"MAR 25, 2024",BOS @ ATL,L,37,10,22,0.455,2,7,0.286,2,4,0.5,2,2,4,1,2,0,1,3,24,-2,1,Jaylen Brown
22023,1627759,0022301011,"MAR 22, 2024",BOS @ DET,W,33,13,19,0.684,3,8,0.375,4,7,0.571,0,4,4,0,4,0,4,1,33,9,1,Jaylen Brown
22023,1627759,0022300998,"MAR 20, 2024",BOS vs. MIL,W,37,6,15,0.4,2,4,0.5,7,10,0.7,4,4,8,2,1,0,1,3,21,-2,1,Jaylen Brown
22023,1627759,0022300984,"MAR 18, 2024",BOS vs. DET,W,30,11,20,0.55,3,6,0.5,6,8,0.75,0,7,7,3,1,0,3,2,31,22,1,Jaylen Brown
22023,1627759,0022300955,"MAR 14, 2024",BOS vs. PHX,W,33,14,23,0.609,5,9,0.556,4,6,0.667,0,5,5,3,2,0,1,2,37,8,1,Jaylen Brown
22023,1627759,0022300938,"MAR 11, 2024",BOS @ POR,W,33,13,29,0.448,1,8,0.125,0,0,0.0,3,3,6,5,1,0,0,3,27,10,1,Jaylen Brown
22023,1627759,0022300920,"MAR 09, 2024",BOS @ PHX,W,34,10,21,0.476,3,7,0.429,4,7,0.571,1,2,3,3,2,0,2,1,27,6,1,Jaylen Brown
22023,1627759,0022300906,"MAR 07, 2024",BOS @ DEN,L,41,16,29,0.552,2,7,0.286,7,14,0.5,6,8,14,4,2,0,2,4,41,5,1,Jaylen Brown
22023,1627759,0022300886,"MAR 05, 2024",BOS @ CLE,L,37,8,20,0.4,3,7,0.429,2,2,1.0,2,1,3,4,0,0,1,3,21,9,1,Jaylen Brown
22023,1627759,0022300872,"MAR 03, 2024",BOS vs. GSW,W,22,11,19,0.579,5,10,0.5,2,2,1.0,1,2,3,3,1,0,1,2,29,35,1,Jaylen Brown
22023,1627759,0022300859,"MAR 01, 2024",BOS vs. DAL,W,31,11,20,0.55,2,5,0.4,1,1,1.0,1,6,7,5,1,0,0,3,25,16,1,Jaylen Brown
22023,1627759,0022300836,"FEB 27, 2024",BOS vs. PHI,W,35,11,14,0.786,1,2,0.5,8,10,0.8,1,5,6,1,1,0,4,4,31,25,1,Jaylen Brown
22023,1627759,0022300816,"FEB 24, 2024",BOS @ NYK,W,35,13,24,0.542,3,9,0.333,1,3,0.333,0,8,8,3,1,0,0,2,30,15,1,Jaylen Brown
22023,1627759,0022300797,"FEB 22, 2024",BOS @ CHI,W,33,7,12,0.583,3,5,0.6,4,6,0.667,0,5,5,5,1,1,2,2,21,19,1,Jaylen Brown
22023,1627759,0022300771,"FEB 13, 2024",BOS @ BKN,W,37,7,19,0.368,1,6,0.167,4,6,0.667,1,0,1,4,1,0,4,5,19,9,1,Jaylen Brown
22023,1627759,0022300759,"FEB 11, 2024",BOS @ MIA,W,37,8,16,0.5,3,8,0.375,1,4,0.25,3,6,9,2,0,0,6,1,20,3,1,Jaylen Brown
22023,1627759,0022300743,"FEB 09, 2024",BOS vs. WAS,W,35,9,15,0.6,0,1,0.0,0,0,0.0,1,6,7,3,1,0,3,3,18,-15,1,Jaylen Brown
22023,1627759,0022300729,"FEB 07, 2024",BOS vs. ATL,W,34,7,11,0.636,0,2,0.0,1,1,1.0,0,6,6,6,1,0,2,4,15,-3,1,Jaylen Brown
22023,1627759,0022300684,"FEB 01, 2024",BOS vs. LAL,L,27,4,12,0.333,0,3,0.0,0,0,0.0,3,5,8,7,1,0,3,5,8,-20,1,Jaylen Brown
22023,1627759,0022300670,"JAN 30, 2024",BOS vs. IND,W,36,9,15,0.6,0,3,0.0,7,8,0.875,2,4,6,2,2,0,0,0,25,-6,1,Jaylen Brown
22023,1627759,0022300659,"JAN 29, 2024",BOS vs. NOP,W,37,8,15,0.533,1,5,0.2,5,7,0.714,2,9,11,7,0,1,0,3,22,6,1,Jaylen Brown
22023,1627759,0022300646,"JAN 27, 2024",BOS vs. LAC,L,24,3,13,0.231,0,2,0.0,2,2,1.0,5,1,6,2,0,1,1,3,8,-18,1,Jaylen Brown
22023,1627759,0022300630,"JAN 25, 2024",BOS @ MIA,W,27,7,11,0.636,4,8,0.5,0,0,0.0,1,3,4,5,3,0,3,1,18,22,1,Jaylen Brown
22023,1627759,0022300611,"JAN 22, 2024",BOS @ DAL,W,37,13,22,0.591,2,7,0.286,6,9,0.667,1,2,3,4,0,2,0,5,34,-6,1,Jaylen Brown
22023,1627759,0022300603,"JAN 21, 2024",BOS @ HOU,W,31,6,14,0.429,1,3,0.333,0,2,0.0,0,11,11,10,3,0,3,0,13,4,1,Jaylen Brown
22023,1627759,0022300586,"JAN 19, 2024",BOS vs. DEN,L,36,6,19,0.316,1,9,0.111,0,2,0.0,0,2,2,1,2,0,0,3,13,-2,1,Jaylen Brown
22023,1627759,0022300571,"JAN 17, 2024",BOS vs. SAS,W,31,8,16,0.5,3,6,0.5,2,2,1.0,1,6,7,5,1,1,3,2,21,12,1,Jaylen Brown
22023,1627759,0022300542,"JAN 13, 2024",BOS vs. HOU,W,28,11,15,0.733,4,6,0.667,6,10,0.6,1,5,6,2,2,2,3,5,32,19,1,Jaylen Brown
22023,1627759,0022300528,"JAN 11, 2024",BOS @ MIL,L,18,5,14,0.357,0,1,0.0,0,0,0.0,1,3,4,3,0,0,0,1,10,-17,1,Jaylen Brown
22023,1627759,0022300517,"JAN 10, 2024",BOS vs. MIN,W,43,9,16,0.563,4,7,0.571,13,13,1.0,1,10,11,3,2,1,2,1,35,10,1,Jaylen Brown
22023,1627759,0022300507,"JAN 08, 2024",BOS @ IND,L,38,17,26,0.654,3,4,0.75,3,5,0.6,1,4,5,2,0,0,5,2,40,-1,1,Jaylen Brown
22023,1627759,0022300493,"JAN 06, 2024",BOS @ IND,W,36,13,20,0.65,1,4,0.25,4,8,0.5,1,3,4,1,0,1,3,0,31,7,1,Jaylen Brown
22023,1627759,0022300479,"JAN 05, 2024",BOS vs. UTA,W,27,5,12,0.417,2,4,0.5,1,2,0.5,0,3,3,5,1,1,3,2,13,18,1,Jaylen Brown
22023,1627759,0022300462,"JAN 02, 2024",BOS @ OKC,L,38,4,18,0.222,0,8,0.0,7,8,0.875,2,4,6,3,0,0,4,5,15,-1,1,Jaylen Brown
22023,1627759,0022300448,"DEC 31, 2023",BOS @ SAS,W,26,9,13,0.692,2,2,1.0,4,6,0.667,1,5,6,3,2,0,2,0,24,26,1,Jaylen Brown
22023,1627759,0022300432,"DEC 29, 2023",BOS vs. TOR,W,41,11,16,0.688,5,6,0.833,4,5,0.8,1,9,10,6,0,0,7,4,31,12,1,Jaylen Brown
22023,1627759,0022300403,"DEC 25, 2023",BOS @ LAL,W,33,7,17,0.412,1,5,0.2,4,7,0.571,3,2,5,2,3,0,2,3,19,9,1,Jaylen Brown
22023,1627759,0022300389,"DEC 23, 2023",BOS @ LAC,W,29,9,17,0.529,3,6,0.5,3,4,0.75,3,3,6,2,1,0,3,2,24,29,1,Jaylen Brown
22023,1627759,0022300373,"DEC 20, 2023",BOS @ SAC,W,29,11,21,0.524,0,3,0.0,6,7,0.857,1,4,5,6,0,0,0,2,28,22,1,Jaylen Brown
22023,1627759,0022300362,"DEC 19, 2023",BOS @ GSW,L,41,10,22,0.455,1,4,0.25,7,8,0.875,3,5,8,7,0,1,4,2,28,-3,1,Jaylen Brown
22023,1627759,0022300344,"DEC 17, 2023",BOS vs. ORL,W,34,12,20,0.6,5,8,0.625,2,2,1.0,1,4,5,6,1,1,2,4,31,11,1,Jaylen Brown
22023,1627759,0022300329,"DEC 15, 2023",BOS vs. ORL,W,30,8,15,0.533,0,5,0.0,2,3,0.667,0,3,3,4,0,1,2,0,18,20,1,Jaylen Brown
22023,1627759,0022300319,"DEC 14, 2023",BOS vs. CLE,W,36,10,20,0.5,2,5,0.4,0,0,0.0,2,3,5,5,2,0,2,3,22,4,1,Jaylen Brown
22023,1627759,0022300305,"DEC 12, 2023",BOS vs. CLE,W,35,10,17,0.588,1,5,0.2,4,4,1.0,1,1,2,4,1,1,3,1,25,-6,1,Jaylen Brown
22023,1627759,0022301227,"DEC 08, 2023",BOS vs. NYK,W,27,7,13,0.538,2,5,0.4,1,1,1.0,0,0,0,4,1,1,2,5,17,17,1,Jaylen Brown
22023,1627759,0022301202,"DEC 04, 2023",BOS @ IND,L,31,14,23,0.609,2,7,0.286,0,1,0.0,2,7,9,0,1,2,3,6,30,-10,1,Jaylen Brown
22023,1627759,0022300275,"DEC 01, 2023",BOS vs. PHI,W,35,8,20,0.4,1,4,0.25,3,4,0.75,1,3,4,0,4,2,3,3,20,10,1,Jaylen Brown
22023,1627759,0022300053,"NOV 28, 2023",BOS vs. CHI,W,35,12,23,0.522,3,8,0.375,3,5,0.6,2,6,8,6,0,1,3,1,30,22,1,Jaylen Brown
22023,1627759,0022300246,"NOV 26, 2023",BOS vs. ATL,W,36,9,19,0.474,2,7,0.286,1,2,0.5,1,6,7,3,1,0,2,4,21,5,1,Jaylen Brown
22023,1627759,0022300043,"NOV 24, 2023",BOS @ ORL,L,39,6,22,0.273,2,8,0.25,4,7,0.571,0,3,3,2,3,1,3,3,18,1,1,Jaylen Brown
22023,1627759,0022300228,"NOV 22, 2023",BOS vs. MIL,W,35,10,16,0.625,3,5,0.6,3,3,1.0,0,2,2,8,1,0,1,1,26,-3,1,Jaylen Brown
22023,1627759,0022300217,"NOV 20, 2023",BOS @ CHA,L,34,5,17,0.294,0,5,0.0,3,4,0.75,1,3,4,3,0,0,2,5,13,-23,1,Jaylen Brown
22023,1627759,0022300213,"NOV 19, 2023",BOS @ MEM,W,34,5,16,0.313,1,7,0.143,1,2,0.5,0,6,6,3,2,2,2,4,12,1,1,Jaylen Brown
22023,1627759,0022300031,"NOV 17, 2023",BOS @ TOR,W,36,9,14,0.643,3,5,0.6,2,3,0.667,0,3,3,4,1,1,3,2,23,4,1,Jaylen Brown
22023,1627759,0022300188,"NOV 13, 2023",BOS vs. NYK,W,36,7,18,0.389,2,9,0.222,6,6,1.0,1,4,5,6,1,1,3,3,22,17,1,Jaylen Brown
22023,1627759,0022300174,"NOV 11, 2023",BOS vs. TOR,W,32,12,20,0.6,3,8,0.375,2,3,0.667,1,4,5,2,0,0,2,1,29,9,1,Jaylen Brown
22023,1627759,0022300010,"NOV 10, 2023",BOS vs. BKN,W,29,10,19,0.526,5,9,0.556,3,5,0.6,0,3,3,5,1,0,3,0,28,6,1,Jaylen Brown
22023,1627759,0022300159,"NOV 08, 2023",BOS @ PHI,L,36,4,13,0.308,2,7,0.286,1,2,0.5,0,2,2,2,1,1,4,2,11,-3,1,Jaylen Brown
22023,1627759,0022300154,"NOV 06, 2023",BOS @ MIN,L,39,10,21,0.476,3,8,0.375,3,4,0.75,0,7,7,4,1,0,3,5,26,-16,1,Jaylen Brown
22023,1627759,0022300136,"NOV 04, 2023",BOS @ BKN,W,35,7,22,0.318,2,11,0.182,7,8,0.875,0,5,5,4,0,1,2,4,23,6,1,Jaylen Brown
22023,1627759,0022300118,"NOV 01, 2023",BOS vs. IND,W,25,7,15,0.467,0,1,0.0,2,2,1.0,1,6,7,1,0,0,2,3,16,22,1,Jaylen Brown
22023,1627759,0022300103,"OCT 30, 2023",BOS @ WAS,W,32,13,24,0.542,8,13,0.615,2,4,0.5,0,6,6,2,3,1,0,3,36,32,1,Jaylen Brown
22023,1627759,0022300080,"OCT 27, 2023",BOS vs. MIA,W,34,11,22,0.5,3,7,0.429,2,4,0.5,2,4,6,1,2,0,4,1,27,3,1,Jaylen Brown
22023,1627759,0022300065,"OCT 25, 2023",BOS @ NYK,W,38,4,11,0.364,0,4,0.0,3,4,0.75,0,6,6,5,1,0,2,5,11,8,1,Jaylen Brown
22023,204001,0022301167,"APR 11, 2024",BOS vs. NYK,L,25,5,12,0.417,2,5,0.4,2,2,1.0,2,6,8,1,0,2,1,2,14,-14,1,Kristaps Porziņģis
22023,204001,0022301134,"APR 07, 2024",BOS vs. POR,W,27,3,7,0.429,1,3,0.333,5,8,0.625,1,9,10,2,3,5,2,1,12,4,1,Kristaps Porziņģis
22023,204001,0022301118,"APR 05, 2024",BOS vs. SAC,W,24,7,10,0.7,2,2,1.0,4,4,1.0,1,10,11,2,2,1,1,3,20,0,1,Kristaps Porziņģis
22023,204001,0022301105,"APR 03, 2024",BOS vs. OKC,W,31,11,14,0.786,3,3,1.0,2,2,1.0,3,9,12,4,1,5,0,3,27,19,1,Kristaps Porziņģis
22023,204001,0022301087,"APR 01, 2024",BOS @ CHA,W,30,6,10,0.6,1,3,0.333,7,8,0.875,2,5,7,5,0,1,1,1,20,11,1,Kristaps Porziņģis
22023,204001,0022301074,"MAR 30, 2024",BOS @ NOP,W,31,6,14,0.429,1,6,0.167,6,6,1.0,0,10,10,3,2,4,2,4,19,12,1,Kristaps Porziņģis
22023,204001,0022301060,"MAR 28, 2024",BOS @ ATL,L,41,8,20,0.4,2,7,0.286,2,3,0.667,2,5,7,2,1,3,3,3,20,-4,1,Kristaps Porziņģis
22023,204001,0022301034,"MAR 25, 2024",BOS @ ATL,L,34,7,14,0.5,1,4,0.25,2,2,1.0,5,0,5,2,0,3,3,3,17,-7,1,Kristaps Porziņģis
22023,204001,0022301011,"MAR 22, 2024",BOS @ DET,W,26,7,15,0.467,2,6,0.333,3,4,0.75,2,2,4,1,3,2,0,5,19,22,1,Kristaps Porziņģis
22023,204001,0022300998,"MAR 20, 2024",BOS vs. MIL,W,28,6,16,0.375,0,5,0.0,5,6,0.833,3,0,3,2,0,0,2,3,17,-8,1,Kristaps Porziņģis
22023,204001,0022300984,"MAR 18, 2024",BOS vs. DET,W,21,7,14,0.5,5,9,0.556,1,1,1.0,1,7,8,1,1,1,0,2,20,14,1,Kristaps Porziņģis
22023,204001,0022300906,"MAR 07, 2024",BOS @ DEN,L,35,9,23,0.391,3,10,0.3,3,4,0.75,2,10,12,2,1,1,3,2,24,6,1,Kristaps Porziņģis
22023,204001,0022300886,"MAR 05, 2024",BOS @ CLE,L,32,9,18,0.5,3,6,0.5,3,3,1.0,2,7,9,3,2,3,1,2,24,0,1,Kristaps Porziņģis
22023,204001,0022300859,"MAR 01, 2024",BOS vs. DAL,W,29,8,14,0.571,4,8,0.5,4,4,1.0,3,3,6,2,0,1,0,2,24,14,1,Kristaps Porziņģis
22023,204001,0022300836,"FEB 27, 2024",BOS vs. PHI,W,31,5,12,0.417,1,2,0.5,12,12,1.0,4,8,12,1,1,1,1,1,23,29,1,Kristaps Porziņģis
22023,204001,0022300816,"FEB 24, 2024",BOS @ NYK,W,32,7,11,0.636,3,4,0.75,5,5,1.0,2,2,4,4,0,1,1,3,22,12,1,Kristaps Porziņģis
22023,204001,0022300797,"FEB 22, 2024",BOS @ CHI,W,30,5,16,0.313,2,9,0.222,2,2,1.0,0,4,4,1,1,3,1,4,14,13,1,Kristaps Porziņģis
22023,204001,0022300780,"FEB 14, 2024",BOS vs. BKN,W,16,6,9,0.667,3,4,0.75,0,0,0.0,0,5,5,1,0,1,1,0,15,16,1,Kristaps Porziņģis
22023,204001,0022300759,"FEB 11, 2024",BOS @ MIA,W,32,8,14,0.571,2,4,0.5,7,9,0.778,0,9,9,3,0,2,1,4,25,2,1,Kristaps Porziņģis
22023,204001,0022300743,"FEB 09, 2024",BOS vs. WAS,W,33,9,18,0.5,2,4,0.5,14,14,1.0,2,9,11,0,0,1,3,3,34,8,1,Kristaps Porziņģis
22023,204001,0022300729,"FEB 07, 2024",BOS vs. ATL,W,31,13,19,0.684,2,4,0.5,3,4,0.75,0,3,3,1,0,2,2,2,31,2,1,Kristaps Porziņģis
22023,204001,0022300706,"FEB 04, 2024",BOS vs. MEM,W,28,10,17,0.588,2,5,0.4,4,5,0.8,2,6,8,2,1,2,1,2,26,26,1,Kristaps Porziņģis
22023,204001,0022300684,"FEB 01, 2024",BOS vs. LAL,L,29,7,15,0.467,1,7,0.143,2,2,1.0,1,6,7,3,1,5,3,1,17,-22,1,Kristaps Porziņģis
22023,204001,0022300670,"JAN 30, 2024",BOS vs. IND,W,31,6,17,0.353,2,6,0.333,3,4,0.75,4,8,12,2,0,1,4,5,17,-7,1,Kristaps Porziņģis
22023,204001,0022300630,"JAN 25, 2024",BOS @ MIA,W,21,6,9,0.667,3,4,0.75,4,4,1.0,0,4,4,1,0,0,0,1,19,26,1,Kristaps Porziņģis
22023,204001,0022300603,"JAN 21, 2024",BOS @ HOU,W,33,11,21,0.524,6,11,0.545,4,4,1.0,4,2,6,1,1,5,3,5,32,18,1,Kristaps Porziņģis
22023,204001,0022300586,"JAN 19, 2024",BOS vs. DEN,L,36,6,11,0.545,3,5,0.6,6,8,0.75,4,4,8,2,0,1,0,4,21,2,1,Kristaps Porziņģis
22023,204001,0022300563,"JAN 15, 2024",BOS @ TOR,W,32,2,6,0.333,1,4,0.25,10,12,0.833,0,6,6,2,0,2,6,4,15,2,1,Kristaps Porziņģis
22023,204001,0022300542,"JAN 13, 2024",BOS vs. HOU,W,28,6,11,0.545,3,5,0.6,2,2,1.0,1,6,7,5,1,3,2,3,17,24,1,Kristaps Porziņģis
22023,204001,0022300528,"JAN 11, 2024",BOS @ MIL,L,21,3,9,0.333,0,3,0.0,0,0,0.0,1,1,2,4,1,1,1,2,6,-27,1,Kristaps Porziņģis
22023,204001,0022300507,"JAN 08, 2024",BOS @ IND,L,38,6,13,0.462,1,4,0.25,6,7,0.857,2,3,5,7,0,3,1,2,19,1,1,Kristaps Porziņģis
22023,204001,0022300493,"JAN 06, 2024",BOS @ IND,W,6,1,2,0.5,0,1,0.0,0,0,0.0,1,2,3,0,1,1,0,0,2,4,1,Kristaps Porziņģis
22023,204001,0022300479,"JAN 05, 2024",BOS vs. UTA,W,27,4,7,0.571,1,3,0.333,10,12,0.833,0,5,5,2,0,1,1,3,19,18,1,Kristaps Porziņģis
22023,204001,0022300462,"JAN 02, 2024",BOS @ OKC,L,35,12,18,0.667,2,3,0.667,8,9,0.889,6,4,10,2,0,3,1,1,34,3,1,Kristaps Porziņģis
22023,204001,0022300448,"DEC 31, 2023",BOS @ SAS,W,30,4,14,0.286,0,7,0.0,6,6,1.0,1,8,9,2,1,2,1,2,14,33,1,Kristaps Porziņģis
22023,204001,0022300421,"DEC 28, 2023",BOS vs. DET,W,36,13,21,0.619,3,9,0.333,6,7,0.857,0,8,8,1,1,0,1,4,35,12,1,Kristaps Porziņģis
22023,204001,0022300403,"DEC 25, 2023",BOS @ LAL,W,35,11,19,0.579,2,8,0.25,4,7,0.571,3,8,11,2,1,2,1,3,28,16,1,Kristaps Porziņģis
22023,204001,0022300373,"DEC 20, 2023",BOS @ SAC,W,29,7,11,0.636,3,4,0.75,7,8,0.875,2,7,9,2,0,6,3,3,24,22,1,Kristaps Porziņģis
22023,204001,0022300344,"DEC 17, 2023",BOS vs. ORL,W,29,6,12,0.5,2,4,0.5,1,1,1.0,1,9,10,0,1,1,4,2,15,4,1,Kristaps Porziņģis
22023,204001,0022300319,"DEC 14, 2023",BOS vs. CLE,W,31,5,11,0.455,1,6,0.167,7,8,0.875,1,5,6,0,1,2,3,2,18,-1,1,Kristaps Porziņģis
22023,204001,0022300305,"DEC 12, 2023",BOS vs. CLE,W,32,5,16,0.313,2,6,0.333,9,9,1.0,3,7,10,3,1,2,3,1,21,-3,1,Kristaps Porziņģis
22023,204001,0022301227,"DEC 08, 2023",BOS vs. NYK,W,29,7,13,0.538,3,6,0.5,4,4,1.0,1,2,3,1,2,0,2,2,21,13,1,Kristaps Porziņģis
22023,204001,0022300043,"NOV 24, 2023",BOS @ ORL,L,22,4,9,0.444,1,4,0.25,0,1,0.0,1,3,4,2,2,0,2,3,9,6,1,Kristaps Porziņģis
22023,204001,0022300228,"NOV 22, 2023",BOS vs. MIL,W,27,9,15,0.6,2,7,0.286,1,2,0.5,1,5,6,1,0,0,1,5,21,3,1,Kristaps Porziņģis
22023,204001,0022300217,"NOV 20, 2023",BOS @ CHA,L,34,5,14,0.357,1,8,0.125,6,10,0.6,3,5,8,0,2,3,0,2,17,-26,1,Kristaps Porziņģis
22023,204001,0022300213,"NOV 19, 2023",BOS @ MEM,W,34,9,13,0.692,0,3,0.0,8,9,0.889,2,6,8,1,1,6,2,4,26,4,1,Kristaps Porziņģis
22023,204001,0022300031,"NOV 17, 2023",BOS @ TOR,W,35,6,13,0.462,0,3,0.0,2,2,1.0,2,10,12,5,1,3,2,3,14,2,1,Kristaps Porziņģis
22023,204001,0022300188,"NOV 13, 2023",BOS vs. NYK,W,33,7,11,0.636,3,6,0.5,4,4,1.0,1,5,6,3,0,1,1,5,21,19,1,Kristaps Porziņģis
22023,204001,0022300174,"NOV 11, 2023",BOS vs. TOR,W,28,9,14,0.643,3,7,0.429,0,1,0.0,0,7,7,3,0,0,3,1,21,12,1,Kristaps Porziņģis
22023,204001,0022300010,"NOV 10, 2023",BOS vs. BKN,W,25,2,4,0.5,0,2,0.0,5,5,1.0,0,2,2,2,0,1,0,2,9,20,1,Kristaps Porziņģis
22023,204001,0022300159,"NOV 08, 2023",BOS @ PHI,L,31,10,19,0.526,2,6,0.333,7,8,0.875,4,2,6,3,0,1,0,4,29,8,1,Kristaps Porziņģis
22023,204001,0022300154,"NOV 06, 2023",BOS @ MIN,L,36,5,14,0.357,2,6,0.333,8,10,0.8,1,4,5,1,1,1,1,5,20,-7,1,Kristaps Porziņģis
22023,204001,0022300136,"NOV 04, 2023",BOS @ BKN,W,30,8,10,0.8,1,2,0.5,5,8,0.625,2,5,7,1,0,3,1,2,22,4,1,Kristaps Porziņģis
22023,204001,0022300118,"NOV 01, 2023",BOS vs. IND,W,27,3,7,0.429,1,3,0.333,6,6,1.0,1,5,6,2,0,0,2,3,13,27,1,Kristaps Porziņģis
22023,204001,0022300103,"OCT 30, 2023",BOS @ WAS,W,24,7,9,0.778,1,2,0.5,0,0,0.0,0,6,6,3,0,1,2,2,15,30,1,Kristaps Porziņģis
22023,204001,0022300080,"OCT 27, 2023",BOS vs. MIA,W,30,6,12,0.5,2,6,0.333,3,4,0.75,3,6,9,1,3,1,1,6,17,-12,1,Kristaps Porziņģis
22023,204001,0022300065,"OCT 25, 2023",BOS @ NYK,W,38,8,15,0.533,5,9,0.556,9,10,0.9,1,7,8,0,0,4,1,4,30,13,1,Kristaps Porziņģis
22023,1628401,0022301167,"APR 11, 2024",BOS vs. NYK,L,29,1,5,0.2,0,3,0.0,0,0,0.0,0,2,2,2,1,1,1,3,2,-29,1,Derrick White
22023,1628401,0022301148,"APR 09, 2024",BOS @ MIL,L,31,3,10,0.3,3,9,0.333,0,0,0.0,1,3,4,3,2,0,1,1,9,-11,1,Derrick White
22023,1628401,0022301134,"APR 07, 2024",BOS vs. POR,W,31,5,13,0.385,3,10,0.3,2,2,1.0,0,1,1,9,1,0,2,1,15,2,1,Derrick White
22023,1628401,0022301105,"APR 03, 2024",BOS vs. OKC,W,31,2,5,0.4,2,4,0.5,2,2,1.0,0,1,1,6,1,1,0,4,8,13,1,Derrick White
22023,1628401,0022301087,"APR 01, 2024",BOS @ CHA,W,36,7,15,0.467,4,10,0.4,1,1,1.0,2,7,9,5,0,1,2,3,19,13,1,Derrick White
22023,1628401,0022301074,"MAR 30, 2024",BOS @ NOP,W,32,5,9,0.556,3,7,0.429,2,2,1.0,1,2,3,3,0,0,0,1,15,9,1,Derrick White
22023,1628401,0022301060,"MAR 28, 2024",BOS @ ATL,L,41,8,11,0.727,5,6,0.833,1,1,1.0,2,5,7,5,1,0,3,3,22,3,1,Derrick White
22023,1628401,0022301023,"MAR 23, 2024",BOS @ CHI,W,38,6,14,0.429,3,11,0.273,2,3,0.667,0,3,3,6,1,0,1,1,17,8,1,Derrick White
22023,1628401,0022301011,"MAR 22, 2024",BOS @ DET,W,36,5,14,0.357,1,7,0.143,8,9,0.889,2,6,8,11,0,1,1,1,19,23,1,Derrick White
22023,1628401,0022300998,"MAR 20, 2024",BOS vs. MIL,W,37,8,17,0.471,4,11,0.364,3,3,1.0,0,5,5,8,0,2,0,5,23,-7,1,Derrick White
22023,1628401,0022300984,"MAR 18, 2024",BOS vs. DET,W,37,8,20,0.4,6,12,0.5,0,0,0.0,0,10,10,10,2,1,3,0,22,17,1,Derrick White
22023,1628401,0022300955,"MAR 14, 2024",BOS vs. PHX,W,33,5,13,0.385,3,9,0.333,0,0,0.0,1,7,8,5,2,1,0,1,13,8,1,Derrick White
22023,1628401,0022300943,"MAR 12, 2024",BOS @ UTA,W,35,8,17,0.471,7,11,0.636,1,1,1.0,0,6,6,3,1,3,3,3,24,15,1,Derrick White
22023,1628401,0022300938,"MAR 11, 2024",BOS @ POR,W,34,5,14,0.357,1,5,0.2,0,0,0.0,2,4,6,5,2,3,1,3,11,12,1,Derrick White
22023,1628401,0022300920,"MAR 09, 2024",BOS @ PHX,W,35,5,8,0.625,0,3,0.0,0,0,0.0,2,3,5,9,0,1,2,3,10,1,1,Derrick White
22023,1628401,0022300906,"MAR 07, 2024",BOS @ DEN,L,37,3,8,0.375,0,4,0.0,1,1,1.0,1,4,5,6,1,1,1,4,7,-2,1,Derrick White
22023,1628401,0022300886,"MAR 05, 2024",BOS @ CLE,L,35,1,5,0.2,0,2,0.0,1,1,1.0,2,4,6,7,0,4,2,0,3,4,1,Derrick White
22023,1628401,0022300872,"MAR 03, 2024",BOS vs. GSW,W,20,5,6,0.833,4,5,0.8,0,0,0.0,0,3,3,8,1,0,0,1,14,36,1,Derrick White
22023,1628401,0022300859,"MAR 01, 2024",BOS vs. DAL,W,32,5,10,0.5,3,6,0.5,0,0,0.0,1,6,7,8,1,2,2,2,13,21,1,Derrick White
22023,1628401,0022300836,"FEB 27, 2024",BOS vs. PHI,W,30,2,6,0.333,0,2,0.0,2,2,1.0,0,6,6,6,2,3,2,0,6,31,1,Derrick White
22023,1628401,0022300816,"FEB 24, 2024",BOS @ NYK,W,32,5,8,0.625,3,5,0.6,0,0,0.0,1,2,3,6,2,0,0,1,13,7,1,Derrick White
22023,1628401,0022300797,"FEB 22, 2024",BOS @ CHI,W,33,9,14,0.643,5,10,0.5,5,5,1.0,0,3,3,5,2,3,2,1,28,15,1,Derrick White
22023,1628401,0022300780,"FEB 14, 2024",BOS vs. BKN,W,28,10,16,0.625,5,10,0.5,2,2,1.0,0,5,5,4,1,0,2,2,27,44,1,Derrick White
22023,1628401,0022300771,"FEB 13, 2024",BOS @ BKN,W,38,6,11,0.545,3,6,0.5,1,1,1.0,0,2,2,3,0,0,2,1,16,6,1,Derrick White
22023,1628401,0022300759,"FEB 11, 2024",BOS @ MIA,W,38,3,9,0.333,0,5,0.0,0,0,0.0,0,2,2,4,0,1,1,2,6,6,1,Derrick White
22023,1628401,0022300743,"FEB 09, 2024",BOS vs. WAS,W,33,2,6,0.333,0,4,0.0,0,0,0.0,0,2,2,6,3,1,3,4,4,-3,1,Derrick White
22023,1628401,0022300729,"FEB 07, 2024",BOS vs. ATL,W,35,8,14,0.571,5,10,0.5,0,0,0.0,1,5,6,7,1,1,2,2,21,0,1,Derrick White
22023,1628401,0022300706,"FEB 04, 2024",BOS vs. MEM,W,28,5,10,0.5,4,8,0.5,1,2,0.5,1,2,3,3,1,1,1,1,15,27,1,Derrick White
22023,1628401,0022300684,"FEB 01, 2024",BOS vs. LAL,L,33,4,11,0.364,1,5,0.2,0,0,0.0,1,3,4,6,0,2,2,3,9,-19,1,Derrick White
22023,1628401,0022300670,"JAN 30, 2024",BOS vs. IND,W,35,8,16,0.5,4,7,0.571,4,4,1.0,0,2,2,5,1,1,0,2,24,-4,1,Derrick White
22023,1628401,0022300659,"JAN 29, 2024",BOS vs. NOP,W,35,6,14,0.429,4,10,0.4,1,2,0.5,0,1,1,4,1,1,1,2,17,7,1,Derrick White
22023,1628401,0022300646,"JAN 27, 2024",BOS vs. LAC,L,24,0,8,0.0,0,4,0.0,2,2,1.0,0,2,2,2,0,3,1,2,2,-22,1,Derrick White
22023,1628401,0022300630,"JAN 25, 2024",BOS @ MIA,W,29,6,12,0.5,3,9,0.333,0,0,0.0,2,4,6,6,0,2,1,0,15,24,1,Derrick White
22023,1628401,0022300611,"JAN 22, 2024",BOS @ DAL,W,34,2,12,0.167,1,7,0.143,1,2,0.5,0,4,4,1,2,1,1,3,6,-11,1,Derrick White
22023,1628401,0022300603,"JAN 21, 2024",BOS @ HOU,W,36,9,19,0.474,3,8,0.375,0,0,0.0,2,9,11,3,0,2,3,2,21,13,1,Derrick White
22023,1628401,0022300586,"JAN 19, 2024",BOS vs. DEN,L,36,9,18,0.5,5,12,0.417,1,1,1.0,1,2,3,5,2,1,1,3,24,-2,1,Derrick White
22023,1628401,0022300563,"JAN 15, 2024",BOS @ TOR,W,37,7,18,0.389,5,11,0.455,3,3,1.0,0,2,2,1,0,0,3,1,22,-8,1,Derrick White
22023,1628401,0022300542,"JAN 13, 2024",BOS vs. HOU,W,25,5,9,0.556,3,5,0.6,0,0,0.0,1,2,3,5,2,0,0,1,13,29,1,Derrick White
22023,1628401,0022300528,"JAN 11, 2024",BOS @ MIL,L,18,1,4,0.25,0,1,0.0,0,0,0.0,0,1,1,0,0,0,0,0,2,-14,1,Derrick White
22023,1628401,0022300517,"JAN 10, 2024",BOS vs. MIN,W,43,3,11,0.273,1,5,0.2,2,2,1.0,2,4,6,6,0,0,2,5,9,11,1,Derrick White
22023,1628401,0022300507,"JAN 08, 2024",BOS @ IND,L,36,4,16,0.25,2,8,0.25,3,3,1.0,0,4,4,6,0,2,1,3,13,-2,1,Derrick White
22023,1628401,0022300493,"JAN 06, 2024",BOS @ IND,W,24,3,6,0.5,1,2,0.5,0,0,0.0,0,5,5,2,0,1,4,5,7,20,1,Derrick White
22023,1628401,0022300479,"JAN 05, 2024",BOS vs. UTA,W,26,3,9,0.333,2,7,0.286,2,2,1.0,0,7,7,3,1,1,0,2,10,19,1,Derrick White
22023,1628401,0022300462,"JAN 02, 2024",BOS @ OKC,L,29,7,12,0.583,5,9,0.556,0,0,0.0,0,5,5,6,1,1,2,4,19,5,1,Derrick White
22023,1628401,0022300448,"DEC 31, 2023",BOS @ SAS,W,26,7,11,0.636,3,6,0.5,0,0,0.0,1,2,3,5,0,0,0,1,17,24,1,Derrick White
22023,1628401,0022300432,"DEC 29, 2023",BOS vs. TOR,W,36,5,19,0.263,2,10,0.2,9,9,1.0,1,4,5,7,3,2,3,2,21,7,1,Derrick White
22023,1628401,0022300421,"DEC 28, 2023",BOS vs. DET,W,38,9,15,0.6,2,4,0.5,3,3,1.0,1,3,4,5,0,2,2,1,23,8,1,Derrick White
22023,1628401,0022300403,"DEC 25, 2023",BOS @ LAL,W,35,8,13,0.615,2,4,0.5,0,0,0.0,0,2,2,11,2,2,2,3,18,16,1,Derrick White
22023,1628401,0022300389,"DEC 23, 2023",BOS @ LAC,W,29,5,12,0.417,3,10,0.3,5,5,1.0,0,3,3,3,0,3,2,2,18,27,1,Derrick White
22023,1628401,0022300373,"DEC 20, 2023",BOS @ SAC,W,29,10,13,0.769,6,9,0.667,2,3,0.667,1,1,2,7,1,3,1,1,28,16,1,Derrick White
22023,1628401,0022300362,"DEC 19, 2023",BOS @ GSW,L,40,11,24,0.458,7,18,0.389,1,2,0.5,2,5,7,3,0,3,0,2,30,-1,1,Derrick White
22023,1628401,0022300344,"DEC 17, 2023",BOS vs. ORL,W,27,4,9,0.444,1,5,0.2,1,1,1.0,0,5,5,4,1,3,2,1,10,7,1,Derrick White
22023,1628401,0022300329,"DEC 15, 2023",BOS vs. ORL,W,30,7,15,0.467,3,7,0.429,2,2,1.0,1,3,4,8,4,1,1,0,19,13,1,Derrick White
22023,1628401,0022300319,"DEC 14, 2023",BOS vs. CLE,W,35,5,10,0.5,2,4,0.5,2,2,1.0,2,3,5,3,3,0,3,0,14,9,1,Derrick White
22023,1628401,0022300305,"DEC 12, 2023",BOS vs. CLE,W,37,5,9,0.556,5,8,0.625,2,2,1.0,0,4,4,4,1,2,1,3,17,-6,1,Derrick White
22023,1628401,0022301227,"DEC 08, 2023",BOS vs. NYK,W,32,10,16,0.625,6,10,0.6,4,4,1.0,2,1,3,3,2,2,0,4,30,21,1,Derrick White
22023,1628401,0022301202,"DEC 04, 2023",BOS @ IND,L,36,7,16,0.438,2,9,0.222,2,2,1.0,0,4,4,8,1,1,5,4,18,-4,1,Derrick White
22023,1628401,0022300275,"DEC 01, 2023",BOS vs. PHI,W,32,5,11,0.455,3,4,0.75,8,8,1.0,1,5,6,5,1,1,1,2,21,20,1,Derrick White
22023,1628401,0022300053,"NOV 28, 2023",BOS vs. CHI,W,29,5,7,0.714,2,3,0.667,2,2,1.0,0,3,3,7,2,0,0,4,14,15,1,Derrick White
22023,1628401,0022300246,"NOV 26, 2023",BOS vs. ATL,W,37,5,13,0.385,0,6,0.0,5,5,1.0,2,2,4,11,3,0,3,5,15,29,1,Derrick White
22023,1628401,0022300043,"NOV 24, 2023",BOS @ ORL,L,37,3,9,0.333,1,5,0.2,9,12,0.75,0,5,5,4,1,1,3,1,16,-6,1,Derrick White
22023,1628401,0022300228,"NOV 22, 2023",BOS vs. MIL,W,35,5,9,0.556,3,6,0.5,0,0,0.0,0,4,4,5,1,1,6,1,13,-3,1,Derrick White
22023,1628401,0022300213,"NOV 19, 2023",BOS @ MEM,W,34,3,9,0.333,2,5,0.4,2,2,1.0,1,2,3,4,0,1,2,2,10,1,1,Derrick White
22023,1628401,0022300031,"NOV 17, 2023",BOS @ TOR,W,34,4,10,0.4,3,8,0.375,2,2,1.0,0,4,4,5,0,0,1,1,13,-1,1,Derrick White
22023,1628401,0022300194,"NOV 15, 2023",BOS @ PHI,W,36,7,12,0.583,4,8,0.5,9,10,0.9,0,3,3,5,1,0,2,3,27,3,1,Derrick White
22023,1628401,0022300188,"NOV 13, 2023",BOS vs. NYK,W,31,1,7,0.143,1,3,0.333,0,0,0.0,1,1,2,4,1,1,1,2,3,14,1,Derrick White
22023,1628401,0022300174,"NOV 11, 2023",BOS vs. TOR,W,26,2,5,0.4,0,3,0.0,0,1,0.0,0,4,4,5,0,1,0,2,4,20,1,Derrick White
22023,1628401,0022300010,"NOV 10, 2023",BOS vs. BKN,W,27,4,10,0.4,2,5,0.4,1,2,0.5,0,4,4,5,0,1,0,2,11,1,1,Derrick White
22023,1628401,0022300159,"NOV 08, 2023",BOS @ PHI,L,38,6,18,0.333,3,11,0.273,4,4,1.0,1,3,4,5,2,1,2,3,19,2,1,Derrick White
22023,1628401,0022300118,"NOV 01, 2023",BOS vs. IND,W,27,7,10,0.7,4,7,0.571,0,0,0.0,1,2,3,4,0,0,2,3,18,34,1,Derrick White
22023,1628401,0022300103,"OCT 30, 2023",BOS @ WAS,W,24,2,3,0.667,1,2,0.5,0,0,0.0,1,0,1,8,2,1,2,1,5,27,1,Derrick White
22023,1628401,0022300080,"OCT 27, 2023",BOS vs. MIA,W,36,9,15,0.6,5,7,0.714,5,6,0.833,3,3,6,3,1,3,2,1,28,4,1,Derrick White
22023,1628401,0022300065,"OCT 25, 2023",BOS @ NYK,W,32,4,6,0.667,1,3,0.333,3,4,0.75,0,6,6,2,2,1,1,3,12,7,1,Derrick White
22023,1630202,0022301186,"APR 14, 2024",BOS vs. WAS,W,44,15,21,0.714,4,6,0.667,4,4,1.0,1,8,9,12,0,0,2,3,38,13,1,Payton Pritchard
22023,1630202,0022301173,"APR 12, 2024",BOS vs. CHA,W,31,14,22,0.636,3,8,0.375,0,0,0.0,0,3,3,11,1,0,2,2,31,15,1,Payton Pritchard
22023,1630202,0022301167,"APR 11, 2024",BOS vs. NYK,L,21,7,13,0.538,2,4,0.5,0,0,0.0,2,2,4,6,0,0,0,0,16,22,1,Payton Pritchard
22023,1630202,0022301148,"APR 09, 2024",BOS @ MIL,L,24,2,9,0.222,2,8,0.25,0,0,0.0,0,2,2,3,1,0,1,0,6,1,1,Payton Pritchard
22023,1630202,0022301134,"APR 07, 2024",BOS vs. POR,W,26,9,13,0.692,2,4,0.5,0,0,0.0,0,3,3,8,1,0,2,1,20,19,1,Payton Pritchard
22023,1630202,0022301118,"APR 05, 2024",BOS vs. SAC,W,33,8,16,0.5,5,10,0.5,0,0,0.0,1,0,1,3,2,0,1,3,21,2,1,Payton Pritchard
22023,1630202,0022301105,"APR 03, 2024",BOS vs. OKC,W,28,4,10,0.4,1,4,0.25,2,2,1.0,1,3,4,8,2,0,0,0,11,23,1,Payton Pritchard
22023,1630202,0022301087,"APR 01, 2024",BOS @ CHA,W,28,3,7,0.429,0,4,0.0,1,2,0.5,1,2,3,5,0,0,1,4,7,6,1,Payton Pritchard
22023,1630202,0022301074,"MAR 30, 2024",BOS @ NOP,W,17,1,3,0.333,0,2,0.0,0,0,0.0,2,1,3,0,0,0,1,1,2,3,1,Payton Pritchard
22023,1630202,0022301060,"MAR 28, 2024",BOS @ ATL,L,19,1,3,0.333,0,1,0.0,2,2,1.0,0,1,1,2,1,0,1,1,4,-11,1,Payton Pritchard
22023,1630202,0022301034,"MAR 25, 2024",BOS @ ATL,L,28,7,12,0.583,1,5,0.2,0,2,0.0,1,4,5,6,0,0,0,3,15,-5,1,Payton Pritchard
22023,1630202,0022301023,"MAR 23, 2024",BOS @ CHI,W,34,5,13,0.385,2,6,0.333,3,3,1.0,0,3,3,8,1,0,0,1,15,17,1,Payton Pritchard
22023,1630202,0022301011,"MAR 22, 2024",BOS @ DET,W,38,8,15,0.533,4,9,0.444,0,0,0.0,0,2,2,9,0,0,1,2,20,15,1,Payton Pritchard
22023,1630202,0022300998,"MAR 20, 2024",BOS vs. MIL,W,31,7,11,0.636,5,8,0.625,0,0,0.0,2,4,6,3,0,0,1,2,19,2,1,Payton Pritchard
22023,1630202,0022300984,"MAR 18, 2024",BOS vs. DET,W,38,8,14,0.571,5,9,0.556,2,2,1.0,1,1,2,7,0,0,2,1,23,19,1,Payton Pritchard
22023,1630202,0022300980,"MAR 17, 2024",BOS @ WAS,W,35,6,15,0.4,2,5,0.4,0,0,0.0,2,3,5,13,1,0,1,0,14,16,1,Payton Pritchard
22023,1630202,0022300955,"MAR 14, 2024",BOS vs. PHX,W,19,1,3,0.333,1,1,1.0,0,0,0.0,1,2,3,1,1,0,3,1,3,-2,1,Payton Pritchard
22023,1630202,0022300943,"MAR 12, 2024",BOS @ UTA,W,25,3,12,0.25,2,9,0.222,2,2,1.0,0,2,2,2,0,0,1,2,10,14,1,Payton Pritchard
22023,1630202,0022300938,"MAR 11, 2024",BOS @ POR,W,30,5,11,0.455,1,4,0.25,0,0,0.0,1,7,8,8,0,0,0,0,11,12,1,Payton Pritchard
22023,1630202,0022300920,"MAR 09, 2024",BOS @ PHX,W,23,4,6,0.667,2,4,0.5,0,0,0.0,1,1,2,1,1,0,0,0,10,13,1,Payton Pritchard
22023,1630202,0022300906,"MAR 07, 2024",BOS @ DEN,L,11,0,1,0.0,0,1,0.0,0,0,0.0,0,0,0,0,0,0,0,1,0,-1,1,Payton Pritchard
22023,1630202,0022300886,"MAR 05, 2024",BOS @ CLE,L,13,1,3,0.333,0,1,0.0,0,0,0.0,1,4,5,1,0,0,2,1,2,-7,1,Payton Pritchard
22023,1630202,0022300872,"MAR 03, 2024",BOS vs. GSW,W,27,8,12,0.667,3,5,0.6,0,0,0.0,0,6,6,6,2,0,2,3,19,17,1,Payton Pritchard
22023,1630202,0022300859,"MAR 01, 2024",BOS vs. DAL,W,16,4,7,0.571,2,4,0.5,0,0,0.0,1,1,2,1,0,0,1,2,10,6,1,Payton Pritchard
22023,1630202,0022300836,"FEB 27, 2024",BOS vs. PHI,W,16,1,4,0.25,0,3,0.0,0,0,0.0,0,2,2,0,1,0,1,1,2,-13,1,Payton Pritchard
22023,1630202,0022300816,"FEB 24, 2024",BOS @ NYK,W,15,1,3,0.333,0,1,0.0,0,0,0.0,2,0,2,2,1,0,1,2,2,3,1,Payton Pritchard
22023,1630202,0022300797,"FEB 22, 2024",BOS @ CHI,W,20,3,6,0.5,3,6,0.5,0,0,0.0,0,3,3,1,0,0,2,0,9,-1,1,Payton Pritchard
22023,1630202,0022300780,"FEB 14, 2024",BOS vs. BKN,W,32,11,16,0.688,6,9,0.667,0,0,0.0,1,3,4,3,0,0,0,1,28,29,1,Payton Pritchard
22023,1630202,0022300771,"FEB 13, 2024",BOS @ BKN,W,15,1,6,0.167,1,5,0.2,0,0,0.0,1,2,3,1,0,0,1,3,3,-8,1,Payton Pritchard
22023,1630202,0022300759,"FEB 11, 2024",BOS @ MIA,W,15,3,5,0.6,2,4,0.5,0,0,0.0,1,2,3,2,0,0,0,0,8,-6,1,Payton Pritchard
22023,1630202,0022300743,"FEB 09, 2024",BOS vs. WAS,W,17,4,7,0.571,2,5,0.4,1,1,1.0,0,6,6,1,0,0,0,0,11,7,1,Payton Pritchard
22023,1630202,0022300729,"FEB 07, 2024",BOS vs. ATL,W,16,3,5,0.6,2,4,0.5,0,0,0.0,0,2,2,2,1,0,2,1,8,11,1,Payton Pritchard
22023,1630202,0022300706,"FEB 04, 2024",BOS vs. MEM,W,15,2,8,0.25,0,6,0.0,2,2,1.0,1,1,2,3,1,0,1,2,6,2,1,Payton Pritchard
22023,1630202,0022300684,"FEB 01, 2024",BOS vs. LAL,L,21,3,6,0.5,2,5,0.4,0,0,0.0,0,0,0,1,0,1,1,1,8,13,1,Payton Pritchard
22023,1630202,0022300670,"JAN 30, 2024",BOS vs. IND,W,17,1,4,0.25,1,3,0.333,0,0,0.0,1,3,4,3,0,0,0,2,3,12,1,Payton Pritchard
22023,1630202,0022300659,"JAN 29, 2024",BOS vs. NOP,W,14,2,5,0.4,1,4,0.25,0,0,0.0,0,0,0,0,1,0,1,3,5,-8,1,Payton Pritchard
22023,1630202,0022300646,"JAN 27, 2024",BOS vs. LAC,L,21,4,8,0.5,3,7,0.429,1,1,1.0,0,4,4,2,0,0,0,1,12,-12,1,Payton Pritchard
22023,1630202,0022300630,"JAN 25, 2024",BOS @ MIA,W,23,4,7,0.571,1,2,0.5,2,2,1.0,0,3,3,3,0,0,0,0,11,13,1,Payton Pritchard
22023,1630202,0022300611,"JAN 22, 2024",BOS @ DAL,W,25,2,7,0.286,1,4,0.25,0,0,0.0,1,6,7,6,1,1,1,1,5,16,1,Payton Pritchard
22023,1630202,0022300603,"JAN 21, 2024",BOS @ HOU,W,30,3,6,0.5,3,5,0.6,0,0,0.0,1,1,2,4,2,0,0,1,9,5,1,Payton Pritchard
22023,1630202,0022300586,"JAN 19, 2024",BOS vs. DEN,L,12,1,2,0.5,1,1,1.0,0,0,0.0,1,1,2,1,0,0,0,1,3,0,1,Payton Pritchard
22023,1630202,0022300571,"JAN 17, 2024",BOS vs. SAS,W,27,4,10,0.4,2,4,0.5,2,2,1.0,1,2,3,4,1,0,0,2,12,17,1,Payton Pritchard
22023,1630202,0022300563,"JAN 15, 2024",BOS @ TOR,W,24,1,7,0.143,1,6,0.167,0,0,0.0,0,3,3,2,0,0,0,2,3,16,1,Payton Pritchard
22023,1630202,0022300542,"JAN 13, 2024",BOS vs. HOU,W,23,7,10,0.7,3,6,0.5,2,2,1.0,2,2,4,3,0,0,2,1,19,12,1,Payton Pritchard
22023,1630202,0022300528,"JAN 11, 2024",BOS @ MIL,L,31,6,13,0.462,2,9,0.222,7,7,1.0,0,4,4,4,0,1,1,1,21,-13,1,Payton Pritchard
22023,1630202,0022300517,"JAN 10, 2024",BOS vs. MIN,W,16,1,4,0.25,1,3,0.333,0,0,0.0,0,1,1,1,0,0,0,0,3,3,1,Payton Pritchard
22023,1630202,0022300507,"JAN 08, 2024",BOS @ IND,L,23,5,6,0.833,4,5,0.8,0,0,0.0,4,3,7,3,0,0,1,2,14,-2,1,Payton Pritchard
22023,1630202,0022300493,"JAN 06, 2024",BOS @ IND,W,15,2,5,0.4,1,3,0.333,0,0,0.0,0,2,2,0,1,0,0,0,5,10,1,Payton Pritchard
22023,1630202,0022300479,"JAN 05, 2024",BOS vs. UTA,W,23,3,10,0.3,1,7,0.143,0,0,0.0,1,1,2,4,1,0,3,3,7,14,1,Payton Pritchard
22023,1630202,0022300462,"JAN 02, 2024",BOS @ OKC,L,25,2,5,0.4,1,4,0.25,0,0,0.0,1,2,3,4,2,0,0,1,5,9,1,Payton Pritchard
22023,1630202,0022300448,"DEC 31, 2023",BOS @ SAS,W,19,4,8,0.5,1,5,0.2,0,2,0.0,1,2,3,7,0,0,0,0,9,10,1,Payton Pritchard
22023,1630202,0022300432,"DEC 29, 2023",BOS vs. TOR,W,25,3,10,0.3,3,8,0.375,0,0,0.0,3,2,5,6,0,0,2,3,9,-3,1,Payton Pritchard
22023,1630202,0022300421,"DEC 28, 2023",BOS vs. DET,W,24,4,11,0.364,1,6,0.167,0,0,0.0,2,2,4,2,1,0,1,0,9,-9,1,Payton Pritchard
22023,1630202,0022300403,"DEC 25, 2023",BOS @ LAL,W,13,4,8,0.5,2,6,0.333,0,0,0.0,2,0,2,0,0,0,0,1,10,-5,1,Payton Pritchard
22023,1630202,0022300389,"DEC 23, 2023",BOS @ LAC,W,23,3,8,0.375,3,5,0.6,0,0,0.0,1,3,4,3,0,0,0,3,9,13,1,Payton Pritchard
22023,1630202,0022300373,"DEC 20, 2023",BOS @ SAC,W,29,6,12,0.5,6,11,0.545,2,3,0.667,0,4,4,4,1,0,1,1,20,10,1,Payton Pritchard
22023,1630202,0022300362,"DEC 19, 2023",BOS @ GSW,L,19,4,6,0.667,3,5,0.6,0,0,0.0,0,0,0,2,0,0,1,1,11,-10,1,Payton Pritchard
22023,1630202,0022300344,"DEC 17, 2023",BOS vs. ORL,W,21,2,5,0.4,1,1,1.0,0,0,0.0,2,4,6,3,0,1,1,3,5,10,1,Payton Pritchard
22023,1630202,0022300329,"DEC 15, 2023",BOS vs. ORL,W,28,7,10,0.7,6,7,0.857,1,2,0.5,1,2,3,5,1,0,0,4,21,8,1,Payton Pritchard
22023,1630202,0022300319,"DEC 14, 2023",BOS vs. CLE,W,14,0,1,0.0,0,1,0.0,0,0,0.0,0,3,3,2,0,1,0,1,0,1,1,Payton Pritchard
22023,1630202,0022300305,"DEC 12, 2023",BOS vs. CLE,W,12,2,5,0.4,2,5,0.4,0,0,0.0,0,3,3,3,2,1,1,1,6,10,1,Payton Pritchard
22023,1630202,0022301227,"DEC 08, 2023",BOS vs. NYK,W,19,2,4,0.5,1,3,0.333,0,0,0.0,1,1,2,2,0,0,0,2,5,-12,1,Payton Pritchard
22023,1630202,0022301202,"DEC 04, 2023",BOS @ IND,L,15,0,5,0.0,0,4,0.0,0,0,0.0,0,4,4,2,0,0,0,0,0,-4,1,Payton Pritchard
22023,1630202,0022300275,"DEC 01, 2023",BOS vs. PHI,W,23,3,7,0.429,2,6,0.333,2,2,1.0,0,2,2,5,1,0,0,1,10,-2,1,Payton Pritchard
22023,1630202,0022300053,"NOV 28, 2023",BOS vs. CHI,W,23,4,10,0.4,3,7,0.429,0,0,0.0,1,4,5,2,1,0,0,0,11,11,1,Payton Pritchard
22023,1630202,0022300246,"NOV 26, 2023",BOS vs. ATL,W,20,2,6,0.333,2,6,0.333,0,0,0.0,0,2,2,0,0,0,0,0,6,-10,1,Payton Pritchard
22023,1630202,0022300043,"NOV 24, 2023",BOS @ ORL,L,13,1,2,0.5,0,0,0.0,0,0,0.0,0,1,1,2,0,0,1,0,2,-6,1,Payton Pritchard
22023,1630202,0022300228,"NOV 22, 2023",BOS vs. MIL,W,21,4,7,0.571,2,4,0.5,0,0,0.0,0,2,2,1,0,0,2,0,10,6,1,Payton Pritchard
22023,1630202,0022300217,"NOV 20, 2023",BOS @ CHA,L,33,8,14,0.571,5,8,0.625,0,0,0.0,2,4,6,3,2,0,0,1,21,16,1,Payton Pritchard
22023,1630202,0022300213,"NOV 19, 2023",BOS @ MEM,W,15,2,5,0.4,1,2,0.5,2,4,0.5,0,3,3,1,0,0,1,0,7,0,1,Payton Pritchard
22023,1630202,0022300031,"NOV 17, 2023",BOS @ TOR,W,17,2,7,0.286,1,5,0.2,0,0,0.0,1,2,3,3,1,0,0,1,5,11,1,Payton Pritchard
22023,1630202,0022300194,"NOV 15, 2023",BOS @ PHI,W,23,2,5,0.4,1,3,0.333,0,0,0.0,1,1,2,3,0,0,0,0,5,7,1,Payton Pritchard
22023,1630202,0022300188,"NOV 13, 2023",BOS vs. NYK,W,19,2,3,0.667,1,1,1.0,0,0,0.0,0,3,3,3,0,0,0,3,5,5,1,Payton Pritchard
22023,1630202,0022300174,"NOV 11, 2023",BOS vs. TOR,W,25,2,5,0.4,1,3,0.333,2,2,1.0,3,3,6,4,0,0,1,1,7,14,1,Payton Pritchard
22023,1630202,0022300010,"NOV 10, 2023",BOS vs. BKN,W,30,5,10,0.5,2,7,0.286,1,2,0.5,4,1,5,3,1,0,0,1,13,9,1,Payton Pritchard
22023,1630202,0022300159,"NOV 08, 2023",BOS @ PHI,L,16,0,4,0.0,0,2,0.0,0,0,0.0,2,0,2,4,0,0,1,0,0,-2,1,Payton Pritchard
22023,1630202,0022300154,"NOV 06, 2023",BOS @ MIN,L,20,0,3,0.0,0,1,0.0,0,0,0.0,3,3,6,3,0,0,0,2,0,13,1,Payton Pritchard
22023,1630202,0022300136,"NOV 04, 2023",BOS @ BKN,W,19,0,4,0.0,0,4,0.0,0,0,0.0,0,0,0,2,0,0,1,2,0,-10,1,Payton Pritchard
22023,1630202,0022300118,"NOV 01, 2023",BOS vs. IND,W,26,6,10,0.6,2,3,0.667,1,1,1.0,1,3,4,9,0,0,0,2,15,32,1,Payton Pritchard
22023,1630202,0022300103,"OCT 30, 2023",BOS @ WAS,W,25,0,8,0.0,0,6,0.0,0,0,0.0,1,6,7,6,1,0,4,3,0,-2,1,Payton Pritchard
22023,1630202,0022300080,"OCT 27, 2023",BOS vs. MIA,W,13,1,1,1.0,1,1,1.0,0,0,0.0,0,0,0,1,0,0,0,2,3,8,1,Payton Pritchard
22023,1630202,0022300065,"OCT 25, 2023",BOS @ NYK,W,11,1,4,0.25,0,3,0.0,2,2,1.0,0,1,1,1,0,0,0,1,4,-8,1,Payton Pritchard
22023,1641809,0022301186,"APR 14, 2024",BOS vs. WAS,W,8,0,1,0.0,0,1,0.0,0,0,0.0,0,1,1,0,1,0,1,0,0,-9,1,Drew Peterson
22023,1641809,0022301173,"APR 12, 2024",BOS vs. CHA,W,12,3,4,0.75,2,3,0.667,0,0,0.0,0,0,0,0,1,0,0,0,8,15,1,Drew Peterson
22023,1641809,0022300389,"DEC 23, 2023",BOS @ LAC,W,3,1,1,1.0,1,1,1.0,0,0,0.0,0,0,0,1,0,0,0,1,3,2,1,Drew Peterson
22023,1631120,0022301186,"APR 14, 2024",BOS vs. WAS,W,10,0,2,0.0,0,1,0.0,1,2,0.5,0,3,3,2,1,0,1,2,1,-3,1,JD Davison
22023,1631120,0022301173,"APR 12, 2024",BOS vs. CHA,W,17,3,7,0.429,1,3,0.333,0,0,0.0,1,3,4,7,0,1,1,1,7,18,1,JD Davison
22023,1631120,0022301011,"MAR 22, 2024",BOS @ DET,W,3,1,1,1.0,1,1,1.0,0,0,0.0,0,0,0,1,0,0,0,0,3,6,1,JD Davison
22023,1631120,0022300943,"MAR 12, 2024",BOS @ UTA,W,1,0,0,0.0,0,0,0.0,0,0,0.0,0,0,0,0,0,0,0,0,0,0,1,JD Davison
22023,1631120,0022300938,"MAR 11, 2024",BOS @ POR,W,2,1,1,1.0,1,1,1.0,0,0,0.0,0,1,1,0,0,0,0,1,3,2,1,JD Davison
22023,1631120,0022300920,"MAR 09, 2024",BOS @ PHX,W,0,0,0,0.0,0,0,0.0,0,0,0.0,0,0,0,0,0,0,0,0,0,-1,1,JD Davison
22023,1631120,0022300571,"JAN 17, 2024",BOS vs. SAS,W,3,0,0,0.0,0,0,0.0,2,2,1.0,1,0,1,0,0,0,0,0,2,-1,1,JD Davison
22023,1631120,0022300389,"DEC 23, 2023",BOS @ LAC,W,3,0,1,0.0,0,1,0.0,0,0,0.0,0,1,1,0,0,0,0,0,0,2,1,JD Davison
22023,1630214,0022301186,"APR 14, 2024",BOS vs. WAS,W,6,4,4,1.0,1,1,1.0,0,1,0.0,1,0,1,0,0,0,1,0,9,0,1,Xavier Tillman
22023,1630214,0022301173,"APR 12, 2024",BOS vs. CHA,W,13,1,3,0.333,0,0,0.0,0,0,0.0,1,2,3,1,2,0,1,3,2,-4,1,Xavier Tillman
22023,1630214,0022301167,"APR 11, 2024",BOS vs. NYK,L,6,1,1,1.0,0,0,0.0,0,0,0.0,0,0,0,1,0,0,0,0,2,6,1,Xavier Tillman
22023,1630214,0022301148,"APR 09, 2024",BOS @ MIL,L,18,2,7,0.286,2,5,0.4,0,0,0.0,0,0,0,2,1,2,0,1,6,-15,1,Xavier Tillman
22023,1630214,0022301134,"APR 07, 2024",BOS vs. POR,W,17,4,7,0.571,1,2,0.5,0,0,0.0,0,5,5,1,1,2,0,0,9,6,1,Xavier Tillman
22023,1630214,0022301118,"APR 05, 2024",BOS vs. SAC,W,19,4,7,0.571,1,3,0.333,0,0,0.0,1,3,4,2,0,0,0,0,9,1,1,Xavier Tillman
22023,1630214,0022301087,"APR 01, 2024",BOS @ CHA,W,5,0,0,0.0,0,0,0.0,0,0,0.0,0,1,1,1,0,0,0,1,0,-2,1,Xavier Tillman
22023,1630214,0022301074,"MAR 30, 2024",BOS @ NOP,W,10,1,3,0.333,0,0,0.0,1,2,0.5,1,1,2,1,0,0,0,0,3,7,1,Xavier Tillman
22023,1630214,0022301060,"MAR 28, 2024",BOS @ ATL,L,9,1,3,0.333,0,2,0.0,0,0,0.0,0,2,2,1,0,0,0,0,2,5,1,Xavier Tillman
22023,1630214,0022301023,"MAR 23, 2024",BOS @ CHI,W,11,1,2,0.5,0,1,0.0,0,0,0.0,0,2,2,2,0,0,0,1,2,0,1,Xavier Tillman
22023,1630214,0022301011,"MAR 22, 2024",BOS @ DET,W,20,1,2,0.5,0,1,0.0,0,0,0.0,2,2,4,0,0,0,1,1,2,-3,1,Xavier Tillman
22023,1630214,0022300998,"MAR 20, 2024",BOS vs. MIL,W,14,0,2,0.0,0,2,0.0,0,0,0.0,1,2,3,2,1,0,1,1,0,-4,1,Xavier Tillman
22023,1630214,0022300984,"MAR 18, 2024",BOS vs. DET,W,17,1,2,0.5,0,1,0.0,0,0,0.0,0,4,4,1,0,1,0,0,2,19,1,Xavier Tillman
22023,1630214,0022300980,"MAR 17, 2024",BOS @ WAS,W,15,1,4,0.25,0,3,0.0,1,2,0.5,1,1,2,0,2,1,1,1,3,8,1,Xavier Tillman
22023,1630214,0022300955,"MAR 14, 2024",BOS vs. PHX,W,18,2,4,0.5,1,3,0.333,0,0,0.0,1,3,4,1,0,1,0,3,5,-10,1,Xavier Tillman
22023,1630214,0022300943,"MAR 12, 2024",BOS @ UTA,W,27,3,5,0.6,1,1,1.0,0,0,0.0,4,4,8,1,1,0,0,0,7,14,1,Xavier Tillman
22023,1630214,0022300906,"MAR 07, 2024",BOS @ DEN,L,13,1,2,0.5,0,1,0.0,0,0,0.0,1,3,4,1,0,0,0,0,2,-12,1,Xavier Tillman
22023,1630214,0022300872,"MAR 03, 2024",BOS vs. GSW,W,18,2,4,0.5,1,2,0.5,2,2,1.0,0,4,4,0,1,0,0,1,7,13,1,Xavier Tillman
22023,1630214,0022300859,"MAR 01, 2024",BOS vs. DAL,W,15,3,3,1.0,0,0,0.0,0,0,0.0,0,1,1,2,0,1,0,1,6,13,1,Xavier Tillman
22023,1630214,0022300797,"FEB 22, 2024",BOS @ CHI,W,3,1,1,1.0,0,0,0.0,0,0,0.0,0,0,0,0,0,1,0,1,2,0,1,Xavier Tillman
22023,1630214,0022300663,"JAN 29, 2024",MEM vs. SAC,L,37,5,8,0.625,0,1,0.0,0,0,0.0,2,3,5,3,3,0,0,4,10,-8,1,Xavier Tillman
22023,1630214,0022300652,"JAN 28, 2024",MEM @ IND,L,17,0,3,0.0,0,0,0.0,3,6,0.5,3,1,4,1,1,2,0,2,3,-17,1,Xavier Tillman
22023,1630214,0022300638,"JAN 26, 2024",MEM vs. ORL,W,13,2,7,0.286,0,1,0.0,1,2,0.5,0,2,2,0,1,2,0,2,5,-4,1,Xavier Tillman
22023,1630214,0022300621,"JAN 24, 2024",MEM @ MIA,W,18,2,2,1.0,1,1,1.0,1,2,0.5,1,3,4,1,1,3,1,3,6,4,1,Xavier Tillman
22023,1630214,0022300609,"JAN 22, 2024",MEM @ TOR,W,16,1,6,0.167,0,1,0.0,0,0,0.0,1,3,4,2,1,0,1,2,2,8,1,Xavier Tillman
22023,1630214,0022300582,"JAN 18, 2024",MEM @ MIN,L,36,5,11,0.455,0,2,0.0,0,0,0.0,2,3,5,6,1,1,2,1,10,-2,1,Xavier Tillman
22023,1630214,0022300560,"JAN 15, 2024",MEM vs. GSW,W,30,1,6,0.167,0,2,0.0,0,0,0.0,1,3,4,3,1,2,0,0,2,13,1,Xavier Tillman
22023,1630214,0022300544,"JAN 13, 2024",MEM vs. NYK,L,36,6,15,0.4,0,2,0.0,0,0,0.0,0,5,5,5,6,1,2,4,12,-6,1,Xavier Tillman
22023,1630214,0022300537,"JAN 12, 2024",MEM vs. LAC,L,31,8,10,0.8,1,2,0.5,3,7,0.429,4,5,9,2,1,2,2,1,20,-5,1,Xavier Tillman
22023,1630214,0022300515,"JAN 09, 2024",MEM @ DAL,W,28,6,9,0.667,0,1,0.0,2,4,0.5,6,5,11,2,0,2,3,3,14,17,1,Xavier Tillman
22023,1630214,0022300503,"JAN 07, 2024",MEM @ PHX,W,3,0,3,0.0,0,1,0.0,0,0,0.0,3,0,3,0,0,0,0,1,0,-7,1,Xavier Tillman
22023,1630214,0022300491,"JAN 05, 2024",MEM @ LAL,W,12,0,1,0.0,0,0,0.0,1,2,0.5,1,4,5,1,2,0,1,3,1,6,1,Xavier Tillman
22023,1630214,0022300470,"JAN 03, 2024",MEM vs. TOR,L,23,2,3,0.667,0,0,0.0,0,0,0.0,2,3,5,2,0,0,0,3,4,-15,1,Xavier Tillman
22023,1630214,0022300460,"JAN 02, 2024",MEM vs. SAS,W,0,0,0,0.0,0,0,0.0,0,0,0.0,0,0,0,0,0,0,0,0,0,-4,1,Xavier Tillman
22023,1630214,0022300449,"DEC 31, 2023",MEM vs. SAC,L,8,1,4,0.25,0,2,0.0,0,0,0.0,1,1,2,0,0,0,0,0,2,-9,1,Xavier Tillman
22023,1630214,0022300438,"DEC 29, 2023",MEM @ LAC,L,17,1,5,0.2,0,1,0.0,0,0,0.0,2,2,4,0,1,1,1,3,2,-14,1,Xavier Tillman
22023,1630214,0022300425,"DEC 28, 2023",MEM @ DEN,L,22,2,7,0.286,1,4,0.25,1,2,0.5,0,3,3,4,1,1,2,0,6,-18,1,Xavier Tillman
22023,1630214,0022300410,"DEC 26, 2023",MEM @ NOP,W,28,1,3,0.333,0,1,0.0,0,0,0.0,3,5,8,0,1,5,0,1,2,2,1,Xavier Tillman
22023,1630214,0022300393,"DEC 23, 2023",MEM @ ATL,W,16,3,7,0.429,0,0,0.0,0,0,0.0,2,1,3,0,1,2,0,0,6,4,1,Xavier Tillman
22023,1630214,0022300377,"DEC 21, 2023",MEM vs. IND,W,21,2,3,0.667,0,0,0.0,1,4,0.25,3,2,5,2,0,1,1,2,5,10,1,Xavier Tillman
22023,1630214,0022300360,"DEC 19, 2023",MEM @ NOP,W,20,3,5,0.6,1,1,1.0,0,0,0.0,2,4,6,1,1,0,1,3,7,3,1,Xavier Tillman
22023,1630214,0022300355,"DEC 18, 2023",MEM @ OKC,L,25,0,8,0.0,0,3,0.0,0,0,0.0,0,8,8,2,1,1,1,1,0,-15,1,Xavier Tillman
22023,1630214,0022300299,"DEC 11, 2023",MEM vs. DAL,L,7,0,1,0.0,0,0,0.0,0,2,0.0,0,0,0,0,1,0,0,0,0,-9,1,Xavier Tillman
22023,1630214,0022301221,"DEC 08, 2023",MEM vs. MIN,L,17,5,8,0.625,1,2,0.5,1,3,0.333,2,0,2,0,4,0,0,1,12,-9,1,Xavier Tillman
22023,1630214,0022301206,"DEC 06, 2023",MEM @ DET,W,7,1,4,0.25,0,0,0.0,0,0,0.0,1,0,1,1,0,0,0,0,2,-1,1,Xavier Tillman
22023,1630214,0022300288,"DEC 02, 2023",MEM @ PHX,L,12,1,4,0.25,0,2,0.0,0,0,0.0,0,0,0,0,0,1,1,0,2,0,1,Xavier Tillman
22023,1630214,0022300277,"DEC 01, 2023",MEM @ DAL,W,22,2,6,0.333,0,3,0.0,0,0,0.0,0,2,2,2,2,2,0,0,4,9,1,Xavier Tillman
22023,1630214,0022300026,"NOV 14, 2023",MEM @ LAL,L,22,6,7,0.857,3,3,1.0,0,0,0.0,1,1,2,2,1,0,1,1,15,-4,1,Xavier Tillman
22023,1630214,0022300007,"NOV 03, 2023",MEM @ POR,L,24,3,8,0.375,0,2,0.0,0,0,0.0,1,6,7,5,1,2,1,5,6,-11,1,Xavier Tillman
22023,1630214,0022300125,"NOV 01, 2023",MEM @ UTA,L,14,0,3,0.0,0,0,0.0,0,0,0.0,3,1,4,0,1,0,2,3,0,-7,1,Xavier Tillman
22023,1630214,0022300106,"OCT 30, 2023",MEM vs. DAL,L,29,3,14,0.214,0,5,0.0,0,3,0.0,2,5,7,1,2,1,0,0,6,4,1,Xavier Tillman
22023,1630214,0022300089,"OCT 28, 2023",MEM @ WAS,L,24,3,7,0.429,2,2,1.0,0,0,0.0,1,6,7,3,0,0,1,4,8,-14,1,Xavier Tillman
22023,1630214,0022300078,"OCT 27, 2023",MEM vs. DEN,L,34,5,9,0.556,1,3,0.333,2,4,0.5,2,6,8,2,3,2,5,5,13,-5,1,Xavier Tillman
22023,1630214,0022300071,"OCT 25, 2023",MEM vs. NOP,L,34,7,16,0.438,1,5,0.2,2,2,1.0,4,8,12,4,3,1,0,2,17,3,1,Xavier Tillman
22023,1641775,0022301186,"APR 14, 2024",BOS vs. WAS,W,17,0,2,0.0,0,1,0.0,1,2,0.5,0,3,3,1,2,0,1,1,1,10,1,Jordan Walsh
22023,1641775,0022301173,"APR 12, 2024",BOS vs. CHA,W,20,3,4,0.75,2,3,0.667,0,0,0.0,1,2,3,0,1,0,0,3,8,8,1,Jordan Walsh
22023,1641775,0022301118,"APR 05, 2024",BOS vs. SAC,W,6,0,1,0.0,0,1,0.0,0,0,0.0,1,0,1,0,0,0,0,1,0,-5,1,Jordan Walsh
22023,1641775,0022301011,"MAR 22, 2024",BOS @ DET,W,3,1,2,0.5,0,1,0.0,0,0,0.0,0,0,0,0,0,0,0,1,2,6,1,Jordan Walsh
22023,1641775,0022300984,"MAR 18, 2024",BOS vs. DET,W,4,1,1,1.0,0,0,0.0,0,0,0.0,1,1,2,2,0,0,0,0,2,3,1,Jordan Walsh
22023,1641775,0022300780,"FEB 14, 2024",BOS vs. BKN,W,18,0,3,0.0,0,2,0.0,0,0,0.0,1,4,5,0,1,1,2,3,0,8,1,Jordan Walsh
22023,1641775,0022300706,"FEB 04, 2024",BOS vs. MEM,W,9,1,1,1.0,0,0,0.0,0,0,0.0,1,0,1,1,1,0,0,2,2,16,1,Jordan Walsh
22023,1641775,0022300630,"JAN 25, 2024",BOS @ MIA,W,3,0,0,0.0,0,0,0.0,0,0,0.0,0,1,1,1,0,0,0,0,0,2,1,Jordan Walsh
22023,1641775,0022300571,"JAN 17, 2024",BOS vs. SAS,W,3,0,1,0.0,0,1,0.0,0,0,0.0,0,4,4,0,0,0,0,0,0,-1,1,Jordan Walsh
22023,1630573,0022301186,"APR 14, 2024",BOS vs. WAS,W,35,6,20,0.3,4,11,0.364,0,0,0.0,1,4,5,2,2,1,0,1,16,26,1,Sam Hauser
22023,1630573,0022301173,"APR 12, 2024",BOS vs. CHA,W,30,6,17,0.353,4,13,0.308,0,0,0.0,0,4,4,2,0,0,0,0,16,34,1,Sam Hauser
22023,1630573,0022301167,"APR 11, 2024",BOS vs. NYK,L,22,5,8,0.625,3,5,0.6,2,2,1.0,1,3,4,3,0,1,0,0,15,16,1,Sam Hauser
22023,1630573,0022301148,"APR 09, 2024",BOS @ MIL,L,28,3,8,0.375,2,6,0.333,0,0,0.0,2,3,5,2,2,0,1,0,8,0,1,Sam Hauser
22023,1630573,0022301134,"APR 07, 2024",BOS vs. POR,W,27,4,6,0.667,2,4,0.5,0,0,0.0,0,2,2,3,1,0,0,3,10,10,1,Sam Hauser
22023,1630573,0022301118,"APR 05, 2024",BOS vs. SAC,W,36,1,18,0.056,1,13,0.077,0,0,0.0,1,6,7,3,1,0,0,1,3,-5,1,Sam Hauser
22023,1630573,0022301105,"APR 03, 2024",BOS vs. OKC,W,22,4,8,0.5,2,5,0.4,0,0,0.0,0,2,2,0,0,0,0,3,10,11,1,Sam Hauser
22023,1630573,0022301087,"APR 01, 2024",BOS @ CHA,W,24,9,13,0.692,7,11,0.636,0,0,0.0,1,4,5,0,0,0,1,2,25,7,1,Sam Hauser
22023,1630573,0022301074,"MAR 30, 2024",BOS @ NOP,W,14,1,3,0.333,1,3,0.333,0,0,0.0,0,3,3,1,1,0,0,1,3,1,1,Sam Hauser
22023,1630573,0022301060,"MAR 28, 2024",BOS @ ATL,L,23,3,6,0.5,2,4,0.5,0,0,0.0,0,2,2,3,0,0,0,1,8,3,1,Sam Hauser
22023,1630573,0022301034,"MAR 25, 2024",BOS @ ATL,L,27,2,10,0.2,2,10,0.2,0,0,0.0,1,4,5,0,2,2,0,2,6,-7,1,Sam Hauser
22023,1630573,0022301023,"MAR 23, 2024",BOS @ CHI,W,32,8,9,0.889,7,8,0.875,0,0,0.0,1,4,5,1,2,0,2,0,23,8,1,Sam Hauser
22023,1630573,0022301011,"MAR 22, 2024",BOS @ DET,W,24,5,14,0.357,4,11,0.364,0,0,0.0,0,4,4,1,1,0,0,1,14,15,1,Sam Hauser
22023,1630573,0022300980,"MAR 17, 2024",BOS @ WAS,W,23,10,13,0.769,10,13,0.769,0,0,0.0,0,6,6,1,1,0,0,1,30,18,1,Sam Hauser
22023,1630573,0022300955,"MAR 14, 2024",BOS vs. PHX,W,23,3,7,0.429,2,5,0.4,0,0,0.0,0,4,4,2,1,0,0,0,8,1,1,Sam Hauser
22023,1630573,0022300943,"MAR 12, 2024",BOS @ UTA,W,34,5,13,0.385,4,11,0.364,0,0,0.0,1,4,5,2,1,2,0,3,14,14,1,Sam Hauser
22023,1630573,0022300938,"MAR 11, 2024",BOS @ POR,W,32,8,12,0.667,6,10,0.6,0,0,0.0,0,2,2,0,2,1,0,0,22,20,1,Sam Hauser
22023,1630573,0022300920,"MAR 09, 2024",BOS @ PHX,W,18,1,5,0.2,1,4,0.25,0,0,0.0,0,2,2,0,0,1,0,0,3,10,1,Sam Hauser
22023,1630573,0022300906,"MAR 07, 2024",BOS @ DEN,L,10,2,3,0.667,2,3,0.667,0,0,0.0,0,0,0,1,0,1,0,0,6,-8,1,Sam Hauser
22023,1630573,0022300886,"MAR 05, 2024",BOS @ CLE,L,14,2,5,0.4,1,3,0.333,0,0,0.0,1,4,5,1,1,0,0,1,5,14,1,Sam Hauser
22023,1630573,0022300872,"MAR 03, 2024",BOS vs. GSW,W,20,4,9,0.444,4,9,0.444,0,0,0.0,0,5,5,0,0,1,1,3,12,30,1,Sam Hauser
22023,1630573,0022300859,"MAR 01, 2024",BOS vs. DAL,W,15,0,3,0.0,0,3,0.0,0,0,0.0,0,4,4,1,0,0,0,1,0,8,1,Sam Hauser
22023,1630573,0022300836,"FEB 27, 2024",BOS vs. PHI,W,21,1,2,0.5,1,2,0.5,0,0,0.0,0,5,5,0,0,1,1,4,3,-17,1,Sam Hauser
22023,1630573,0022300816,"FEB 24, 2024",BOS @ NYK,W,10,2,2,1.0,2,2,1.0,0,0,0.0,1,2,3,0,0,0,0,1,6,-1,1,Sam Hauser
22023,1630573,0022300797,"FEB 22, 2024",BOS @ CHI,W,14,3,3,1.0,2,2,1.0,0,0,0.0,0,1,1,1,0,1,0,0,8,6,1,Sam Hauser
22023,1630573,0022300780,"FEB 14, 2024",BOS vs. BKN,W,29,5,9,0.556,4,8,0.5,0,0,0.0,0,5,5,2,1,0,0,0,14,40,1,Sam Hauser
22023,1630573,0022300771,"FEB 13, 2024",BOS @ BKN,W,14,1,3,0.333,1,3,0.333,0,0,0.0,1,1,2,0,0,0,0,2,3,1,1,Sam Hauser
22023,1630573,0022300759,"FEB 11, 2024",BOS @ MIA,W,15,2,4,0.5,2,4,0.5,0,0,0.0,0,0,0,0,0,0,0,1,6,0,1,Sam Hauser
22023,1630573,0022300743,"FEB 09, 2024",BOS vs. WAS,W,16,1,6,0.167,1,6,0.167,2,2,1.0,0,1,1,1,1,0,0,1,5,14,1,Sam Hauser
22023,1630573,0022300729,"FEB 07, 2024",BOS vs. ATL,W,25,3,8,0.375,2,6,0.333,2,2,1.0,2,3,5,0,0,0,2,1,10,14,1,Sam Hauser
22023,1630573,0022300706,"FEB 04, 2024",BOS vs. MEM,W,24,1,3,0.333,1,3,0.333,0,0,0.0,0,3,3,1,0,0,0,1,3,16,1,Sam Hauser
22023,1630573,0022300684,"FEB 01, 2024",BOS vs. LAL,L,23,6,11,0.545,5,9,0.556,0,0,0.0,0,3,3,0,0,0,0,1,17,6,1,Sam Hauser
22023,1630573,0022300670,"JAN 30, 2024",BOS vs. IND,W,23,3,5,0.6,3,5,0.6,0,0,0.0,0,2,2,1,1,0,2,3,9,14,1,Sam Hauser
22023,1630573,0022300659,"JAN 29, 2024",BOS vs. NOP,W,26,4,8,0.5,3,7,0.429,0,0,0.0,0,0,0,1,1,0,0,0,11,9,1,Sam Hauser
22023,1630573,0022300646,"JAN 27, 2024",BOS vs. LAC,L,20,2,5,0.4,2,4,0.5,0,0,0.0,0,3,3,1,0,1,0,1,6,-11,1,Sam Hauser
22023,1630573,0022300630,"JAN 25, 2024",BOS @ MIA,W,12,2,2,1.0,1,1,1.0,0,0,0.0,0,0,0,1,0,0,1,0,5,13,1,Sam Hauser
22023,1630573,0022300611,"JAN 22, 2024",BOS @ DAL,W,15,2,3,0.667,1,2,0.5,0,0,0.0,1,0,1,0,0,0,0,1,5,-4,1,Sam Hauser
22023,1630573,0022300603,"JAN 21, 2024",BOS @ HOU,W,31,3,12,0.25,3,12,0.25,0,0,0.0,2,5,7,6,1,1,1,0,9,8,1,Sam Hauser
22023,1630573,0022300586,"JAN 19, 2024",BOS vs. DEN,L,16,0,1,0.0,0,1,0.0,0,0,0.0,0,1,1,1,0,0,0,2,0,-5,1,Sam Hauser
22023,1630573,0022300571,"JAN 17, 2024",BOS vs. SAS,W,20,3,6,0.5,1,4,0.25,0,0,0.0,0,4,4,2,0,0,2,0,7,18,1,Sam Hauser
22023,1630573,0022300563,"JAN 15, 2024",BOS @ TOR,W,16,1,2,0.5,1,1,1.0,0,0,0.0,0,5,5,0,0,1,0,0,3,5,1,Sam Hauser
22023,1630573,0022300542,"JAN 13, 2024",BOS vs. HOU,W,20,2,9,0.222,2,8,0.25,0,0,0.0,0,6,6,0,0,0,0,0,6,20,1,Sam Hauser
22023,1630573,0022300528,"JAN 11, 2024",BOS @ MIL,L,24,4,8,0.5,4,8,0.5,3,3,1.0,1,3,4,0,1,0,1,1,15,-16,1,Sam Hauser
22023,1630573,0022300517,"JAN 10, 2024",BOS vs. MIN,W,18,2,6,0.333,2,5,0.4,0,0,0.0,0,4,4,0,0,1,0,2,6,-2,1,Sam Hauser
22023,1630573,0022300493,"JAN 06, 2024",BOS @ IND,W,16,2,6,0.333,1,5,0.2,0,0,0.0,0,4,4,1,0,0,1,4,5,2,1,Sam Hauser
22023,1630573,0022300479,"JAN 05, 2024",BOS vs. UTA,W,23,5,10,0.5,3,7,0.429,0,0,0.0,1,4,5,1,1,0,0,1,13,17,1,Sam Hauser
22023,1630573,0022300462,"JAN 02, 2024",BOS @ OKC,L,10,2,3,0.667,2,3,0.667,0,0,0.0,0,1,1,0,0,0,0,0,6,-7,1,Sam Hauser
22023,1630573,0022300448,"DEC 31, 2023",BOS @ SAS,W,20,4,6,0.667,3,5,0.6,0,0,0.0,0,4,4,1,0,0,1,2,11,15,1,Sam Hauser
22023,1630573,0022300432,"DEC 29, 2023",BOS vs. TOR,W,34,3,7,0.429,3,7,0.429,0,0,0.0,0,9,9,1,0,1,0,2,9,-8,1,Sam Hauser
22023,1630573,0022300421,"DEC 28, 2023",BOS vs. DET,W,18,2,6,0.333,1,4,0.25,0,0,0.0,1,2,3,1,0,0,1,0,5,-8,1,Sam Hauser
22023,1630573,0022300403,"DEC 25, 2023",BOS @ LAL,W,15,1,5,0.2,0,4,0.0,0,0,0.0,1,1,2,0,0,0,0,0,2,3,1,Sam Hauser
22023,1630573,0022300389,"DEC 23, 2023",BOS @ LAC,W,19,1,5,0.2,1,5,0.2,0,0,0.0,0,2,2,4,0,0,0,3,3,11,1,Sam Hauser
22023,1630573,0022300373,"DEC 20, 2023",BOS @ SAC,W,35,4,6,0.667,2,4,0.5,0,0,0.0,0,5,5,1,0,0,0,3,10,24,1,Sam Hauser
22023,1630573,0022300362,"DEC 19, 2023",BOS @ GSW,L,21,0,7,0.0,0,6,0.0,0,0,0.0,1,2,3,1,0,0,0,2,0,1,1,Sam Hauser
22023,1630573,0022300344,"DEC 17, 2023",BOS vs. ORL,W,17,2,5,0.4,0,3,0.0,0,0,0.0,1,1,2,0,1,0,1,0,4,12,1,Sam Hauser
22023,1630573,0022300329,"DEC 15, 2023",BOS vs. ORL,W,32,4,8,0.5,3,6,0.5,0,0,0.0,2,5,7,4,4,0,1,1,11,19,1,Sam Hauser
22023,1630573,0022300319,"DEC 14, 2023",BOS vs. CLE,W,18,3,3,1.0,3,3,1.0,0,0,0.0,0,0,0,1,0,0,0,2,9,9,1,Sam Hauser
22023,1630573,0022300305,"DEC 12, 2023",BOS vs. CLE,W,20,3,5,0.6,3,4,0.75,0,0,0.0,1,2,3,1,0,0,0,1,9,14,1,Sam Hauser
22023,1630573,0022301227,"DEC 08, 2023",BOS vs. NYK,W,21,0,5,0.0,0,5,0.0,1,2,0.5,1,2,3,1,0,1,0,1,1,-10,1,Sam Hauser
22023,1630573,0022301202,"DEC 04, 2023",BOS @ IND,L,23,5,9,0.556,5,7,0.714,0,0,0.0,2,4,6,1,0,0,0,2,15,9,1,Sam Hauser
22023,1630573,0022300275,"DEC 01, 2023",BOS vs. PHI,W,26,3,5,0.6,3,4,0.75,2,2,1.0,1,4,5,1,1,1,3,2,11,-3,1,Sam Hauser
22023,1630573,0022300053,"NOV 28, 2023",BOS vs. CHI,W,21,3,12,0.25,2,10,0.2,1,2,0.5,4,6,10,2,0,0,2,1,9,13,1,Sam Hauser
22023,1630573,0022300246,"NOV 26, 2023",BOS vs. ATL,W,32,4,9,0.444,4,9,0.444,0,0,0.0,2,2,4,2,0,0,0,2,12,11,1,Sam Hauser
22023,1630573,0022300043,"NOV 24, 2023",BOS @ ORL,L,25,4,6,0.667,2,4,0.5,0,0,0.0,1,1,2,0,0,0,1,0,10,-16,1,Sam Hauser
22023,1630573,0022300228,"NOV 22, 2023",BOS vs. MIL,W,20,4,5,0.8,2,3,0.667,0,0,0.0,1,1,2,1,0,1,1,2,10,10,1,Sam Hauser
22023,1630573,0022300217,"NOV 20, 2023",BOS @ CHA,L,37,1,9,0.111,1,9,0.111,0,0,0.0,0,1,1,1,0,0,1,3,3,-22,1,Sam Hauser
22023,1630573,0022300213,"NOV 19, 2023",BOS @ MEM,W,22,5,8,0.625,5,7,0.714,0,0,0.0,0,4,4,0,2,0,0,0,15,17,1,Sam Hauser
22023,1630573,0022300031,"NOV 17, 2023",BOS @ TOR,W,23,4,7,0.571,3,6,0.5,0,0,0.0,1,2,3,3,1,0,0,0,11,8,1,Sam Hauser
22023,1630573,0022300194,"NOV 15, 2023",BOS @ PHI,W,35,3,9,0.333,2,8,0.25,0,0,0.0,1,1,2,2,0,1,0,2,8,4,1,Sam Hauser
22023,1630573,0022300188,"NOV 13, 2023",BOS vs. NYK,W,21,4,6,0.667,4,6,0.667,0,0,0.0,0,4,4,2,0,0,0,0,12,6,1,Sam Hauser
22023,1630573,0022300174,"NOV 11, 2023",BOS vs. TOR,W,18,4,6,0.667,4,6,0.667,0,0,0.0,0,4,4,0,0,0,0,2,12,-2,1,Sam Hauser
22023,1630573,0022300010,"NOV 10, 2023",BOS vs. BKN,W,25,5,10,0.5,5,10,0.5,0,0,0.0,1,1,2,1,0,0,0,1,15,-1,1,Sam Hauser
22023,1630573,0022300159,"NOV 08, 2023",BOS @ PHI,L,19,5,8,0.625,3,6,0.5,0,0,0.0,0,4,4,0,1,1,0,0,13,-6,1,Sam Hauser
22023,1630573,0022300154,"NOV 06, 2023",BOS @ MIN,L,25,3,8,0.375,3,8,0.375,2,2,1.0,1,3,4,0,1,1,1,3,11,-3,1,Sam Hauser
22023,1630573,0022300136,"NOV 04, 2023",BOS @ BKN,W,19,2,3,0.667,1,2,0.5,0,0,0.0,0,1,1,0,2,0,1,3,5,-5,1,Sam Hauser
22023,1630573,0022300118,"NOV 01, 2023",BOS vs. IND,W,19,5,7,0.714,5,6,0.833,2,2,1.0,0,3,3,0,1,0,1,3,17,23,1,Sam Hauser
22023,1630573,0022300103,"OCT 30, 2023",BOS @ WAS,W,25,3,10,0.3,2,9,0.222,0,0,0.0,3,5,8,1,0,1,1,3,8,-10,1,Sam Hauser
22023,1630573,0022300080,"OCT 27, 2023",BOS vs. MIA,W,10,1,2,0.5,1,2,0.5,0,0,0.0,0,1,1,0,0,0,0,1,3,6,1,Sam Hauser
22023,1630573,0022300065,"OCT 25, 2023",BOS @ NYK,W,14,0,4,0.0,0,4,0.0,0,0,0.0,0,2,2,0,1,1,0,1,0,5,1,Sam Hauser
22023,1628436,0022301186,"APR 14, 2024",BOS vs. WAS,W,27,4,5,0.8,0,0,0.0,3,3,1.0,3,5,8,5,0,3,0,0,11,18,1,Luke Kornet
22023,1628436,0022301173,"APR 12, 2024",BOS vs. CHA,W,25,7,10,0.7,0,0,0.0,2,2,1.0,3,7,10,3,0,0,0,3,16,30,1,Luke Kornet
22023,1628436,0022301167,"APR 11, 2024",BOS vs. NYK,L,7,1,2,0.5,0,0,0.0,0,0,0.0,1,1,2,0,0,1,1,0,2,15,1,Luke Kornet
22023,1628436,0022301148,"APR 09, 2024",BOS @ MIL,L,21,3,3,1.0,1,1,1.0,0,0,0.0,1,1,2,1,0,0,0,1,7,-8,1,Luke Kornet
22023,1628436,0022301134,"APR 07, 2024",BOS vs. POR,W,19,1,1,1.0,0,0,0.0,0,0,0.0,3,2,5,1,0,0,0,0,2,5,1,Luke Kornet
22023,1628436,0022301118,"APR 05, 2024",BOS vs. SAC,W,18,3,4,0.75,0,0,0.0,0,0,0.0,2,3,5,1,1,2,0,1,6,7,1,Luke Kornet
22023,1628436,0022301105,"APR 03, 2024",BOS vs. OKC,W,4,1,1,1.0,0,0,0.0,0,0,0.0,0,1,1,0,1,0,0,0,2,8,1,Luke Kornet
22023,1628436,0022301087,"APR 01, 2024",BOS @ CHA,W,13,2,2,1.0,0,0,0.0,0,0,0.0,1,3,4,1,1,0,0,0,4,1,1,Luke Kornet
22023,1628436,0022301060,"MAR 28, 2024",BOS @ ATL,L,13,1,1,1.0,0,0,0.0,2,2,1.0,1,2,3,0,1,0,0,0,4,3,1,Luke Kornet
22023,1628436,0022301034,"MAR 25, 2024",BOS @ ATL,L,10,2,2,1.0,0,0,0.0,0,0,0.0,0,0,0,0,0,0,0,0,4,4,1,Luke Kornet
22023,1628436,0022301023,"MAR 23, 2024",BOS @ CHI,W,31,4,5,0.8,0,0,0.0,0,0,0.0,5,8,13,4,0,2,1,2,8,3,1,Luke Kornet
22023,1628436,0022301011,"MAR 22, 2024",BOS @ DET,W,17,1,2,0.5,0,0,0.0,1,2,0.5,1,2,3,4,0,1,0,2,3,-1,1,Luke Kornet
22023,1628436,0022300998,"MAR 20, 2024",BOS vs. MIL,W,9,0,1,0.0,0,0,0.0,0,0,0.0,0,0,0,0,0,0,0,0,0,7,1,Luke Kornet
22023,1628436,0022300984,"MAR 18, 2024",BOS vs. DET,W,28,2,4,0.5,0,0,0.0,0,0,0.0,6,4,10,0,2,3,0,1,4,9,1,Luke Kornet
22023,1628436,0022300980,"MAR 17, 2024",BOS @ WAS,W,20,5,9,0.556,0,0,0.0,4,4,1.0,3,3,6,1,0,2,1,1,14,9,1,Luke Kornet
22023,1628436,0022300955,"MAR 14, 2024",BOS vs. PHX,W,12,1,2,0.5,0,0,0.0,0,0,0.0,0,1,1,1,1,0,0,1,2,6,1,Luke Kornet
22023,1628436,0022300943,"MAR 12, 2024",BOS @ UTA,W,28,4,7,0.571,0,0,0.0,4,4,1.0,4,5,9,6,0,1,0,2,12,10,1,Luke Kornet
22023,1628436,0022300938,"MAR 11, 2024",BOS @ POR,W,21,3,3,1.0,0,0,0.0,0,0,0.0,3,2,5,2,0,2,1,0,6,10,1,Luke Kornet
22023,1628436,0022300920,"MAR 09, 2024",BOS @ PHX,W,20,6,7,0.857,0,0,0.0,2,2,1.0,3,3,6,0,0,1,0,2,14,12,1,Luke Kornet
22023,1628436,0022300886,"MAR 05, 2024",BOS @ CLE,L,16,2,4,0.5,0,0,0.0,0,0,0.0,0,3,3,1,0,2,0,1,4,-2,1,Luke Kornet
22023,1628436,0022300872,"MAR 03, 2024",BOS vs. GSW,W,11,1,2,0.5,0,0,0.0,0,0,0.0,1,2,3,0,0,1,0,0,2,14,1,Luke Kornet
22023,1628436,0022300836,"FEB 27, 2024",BOS vs. PHI,W,11,0,0,0.0,0,0,0.0,2,2,1.0,0,1,1,0,0,0,0,3,2,0,1,Luke Kornet
22023,1628436,0022300816,"FEB 24, 2024",BOS @ NYK,W,10,1,1,1.0,0,0,0.0,0,0,0.0,0,2,2,0,0,0,0,0,2,-4,1,Luke Kornet
22023,1628436,0022300797,"FEB 22, 2024",BOS @ CHI,W,14,5,6,0.833,0,0,0.0,0,0,0.0,4,0,4,2,1,0,0,1,10,10,1,Luke Kornet
22023,1628436,0022300780,"FEB 14, 2024",BOS vs. BKN,W,19,4,5,0.8,0,0,0.0,0,0,0.0,4,4,8,3,1,3,0,2,8,27,1,Luke Kornet
22023,1628436,0022300771,"FEB 13, 2024",BOS @ BKN,W,15,2,2,1.0,0,0,0.0,1,2,0.5,2,3,5,1,0,0,1,5,5,4,1,Luke Kornet
22023,1628436,0022300759,"FEB 11, 2024",BOS @ MIA,W,2,0,0,0.0,0,0,0.0,0,0,0.0,0,0,0,0,0,0,0,0,0,0,1,Luke Kornet
22023,1628436,0022300743,"FEB 09, 2024",BOS vs. WAS,W,11,0,0,0.0,0,0,0.0,0,0,0.0,0,0,0,0,0,1,0,2,0,4,1,Luke Kornet
22023,1628436,0022300729,"FEB 07, 2024",BOS vs. ATL,W,21,2,2,1.0,0,0,0.0,0,0,0.0,1,5,6,0,0,2,0,2,4,2,1,Luke Kornet
22023,1628436,0022300706,"FEB 04, 2024",BOS vs. MEM,W,15,0,2,0.0,0,0,0.0,2,2,1.0,5,3,8,1,1,1,1,0,2,-5,1,Luke Kornet
22023,1628436,0022300646,"JAN 27, 2024",BOS vs. LAC,L,18,5,10,0.5,0,0,0.0,1,1,1.0,4,1,5,0,0,1,0,2,11,-15,1,Luke Kornet
22023,1628436,0022300630,"JAN 25, 2024",BOS @ MIA,W,19,4,4,1.0,0,0,0.0,4,4,1.0,1,4,5,1,0,0,0,1,12,10,1,Luke Kornet
22023,1628436,0022300611,"JAN 22, 2024",BOS @ DAL,W,19,1,3,0.333,0,0,0.0,0,0,0.0,1,4,5,1,0,1,2,2,2,-4,1,Luke Kornet
22023,1628436,0022300603,"JAN 21, 2024",BOS @ HOU,W,23,4,4,1.0,0,0,0.0,0,0,0.0,5,4,9,1,1,3,1,3,8,-2,1,Luke Kornet
22023,1628436,0022300586,"JAN 19, 2024",BOS vs. DEN,L,8,2,2,1.0,0,0,0.0,0,0,0.0,0,2,2,1,0,0,0,0,4,-1,1,Luke Kornet
22023,1628436,0022300571,"JAN 17, 2024",BOS vs. SAS,W,30,3,5,0.6,0,0,0.0,0,0,0.0,3,6,9,4,1,3,2,2,6,11,1,Luke Kornet
22023,1628436,0022300563,"JAN 15, 2024",BOS @ TOR,W,18,2,2,1.0,0,0,0.0,0,0,0.0,0,3,3,0,0,1,0,1,4,12,1,Luke Kornet
22023,1628436,0022300542,"JAN 13, 2024",BOS vs. HOU,W,14,1,2,0.5,0,0,0.0,0,0,0.0,1,1,2,0,0,1,0,5,2,0,1,Luke Kornet
22023,1628436,0022300528,"JAN 11, 2024",BOS @ MIL,L,10,0,0,0.0,0,0,0.0,0,0,0.0,0,0,0,1,0,0,0,1,0,-16,1,Luke Kornet
22023,1628436,0022300517,"JAN 10, 2024",BOS vs. MIN,W,18,3,4,0.75,0,0,0.0,2,2,1.0,2,3,5,0,0,1,0,1,8,6,1,Luke Kornet
22023,1628436,0022300507,"JAN 08, 2024",BOS @ IND,L,10,1,4,0.25,0,0,0.0,3,4,0.75,2,0,2,2,0,2,1,2,5,-3,1,Luke Kornet
22023,1628436,0022300493,"JAN 06, 2024",BOS @ IND,W,16,1,2,0.5,0,0,0.0,2,2,1.0,3,1,4,3,1,0,1,1,4,3,1,Luke Kornet
22023,1628436,0022300479,"JAN 05, 2024",BOS vs. UTA,W,11,1,3,0.333,0,0,0.0,0,0,0.0,4,3,7,0,1,1,1,1,2,13,1,Luke Kornet
22023,1628436,0022300462,"JAN 02, 2024",BOS @ OKC,L,15,0,2,0.0,0,0,0.0,0,0,0.0,2,0,2,0,1,1,0,0,0,-1,1,Luke Kornet
22023,1628436,0022300448,"DEC 31, 2023",BOS @ SAS,W,16,5,7,0.714,0,0,0.0,2,2,1.0,3,1,4,2,0,2,0,1,12,6,1,Luke Kornet
22023,1628436,0022300432,"DEC 29, 2023",BOS vs. TOR,W,33,9,11,0.818,0,0,0.0,2,2,1.0,5,3,8,3,0,3,1,3,20,-2,1,Luke Kornet
22023,1628436,0022300305,"DEC 12, 2023",BOS vs. CLE,W,8,1,3,0.333,0,0,0.0,2,2,1.0,3,1,4,0,0,0,0,0,4,2,1,Luke Kornet
22023,1628436,0022301227,"DEC 08, 2023",BOS vs. NYK,W,11,2,3,0.667,0,0,0.0,0,0,0.0,1,0,1,1,0,0,0,0,4,-8,1,Luke Kornet
22023,1628436,0022301202,"DEC 04, 2023",BOS @ IND,L,17,3,5,0.6,0,0,0.0,0,0,0.0,4,0,4,2,1,4,1,2,6,-8,1,Luke Kornet
22023,1628436,0022300275,"DEC 01, 2023",BOS vs. PHI,W,8,0,0,0.0,0,0,0.0,0,0,0.0,0,1,1,0,0,0,0,1,0,-9,1,Luke Kornet
22023,1628436,0022300053,"NOV 28, 2023",BOS vs. CHI,W,19,2,3,0.667,0,0,0.0,0,0,0.0,2,1,3,0,0,3,1,3,4,9,1,Luke Kornet
22023,1628436,0022300246,"NOV 26, 2023",BOS vs. ATL,W,9,2,2,1.0,0,0,0.0,0,0,0.0,1,1,2,0,1,1,0,1,4,-6,1,Luke Kornet
22023,1628436,0022300043,"NOV 24, 2023",BOS @ ORL,L,25,5,6,0.833,0,0,0.0,2,2,1.0,2,4,6,1,2,2,1,2,12,-2,1,Luke Kornet
22023,1628436,0022300217,"NOV 20, 2023",BOS @ CHA,L,19,2,2,1.0,0,0,0.0,0,0,0.0,0,3,3,0,0,1,0,0,4,25,1,Luke Kornet
22023,1628436,0022300194,"NOV 15, 2023",BOS @ PHI,W,19,4,4,1.0,0,0,0.0,1,2,0.5,3,3,6,1,1,0,2,2,9,-4,1,Luke Kornet
22023,1628436,0022300174,"NOV 11, 2023",BOS vs. TOR,W,9,1,1,1.0,0,0,0.0,0,0,0.0,0,5,5,1,0,0,0,1,2,3,1,Luke Kornet
22023,1628436,0022300010,"NOV 10, 2023",BOS vs. BKN,W,18,3,5,0.6,0,0,0.0,1,1,1.0,6,3,9,1,0,1,0,1,7,-2,1,Luke Kornet
22023,1628436,0022300159,"NOV 08, 2023",BOS @ PHI,L,3,0,0,0.0,0,0,0.0,0,0,0.0,0,0,0,0,0,0,0,0,0,-3,1,Luke Kornet
22023,1628436,0022300154,"NOV 06, 2023",BOS @ MIN,L,16,1,2,0.5,0,0,0.0,3,4,0.75,1,0,1,0,2,0,0,2,5,4,1,Luke Kornet
22023,1628436,0022300136,"NOV 04, 2023",BOS @ BKN,W,15,5,5,1.0,0,0,0.0,1,1,1.0,0,7,7,0,1,0,0,3,11,7,1,Luke Kornet
22023,1628436,0022300118,"NOV 01, 2023",BOS vs. IND,W,6,1,1,1.0,0,0,0.0,0,0,0.0,1,1,2,0,0,0,0,0,2,7,1,Luke Kornet
22023,1628436,0022300103,"OCT 30, 2023",BOS @ WAS,W,11,0,0,0.0,0,0,0.0,0,0,0.0,0,1,1,1,0,0,1,1,0,-11,1,Luke Kornet
22023,1628436,0022300065,"OCT 25, 2023",BOS @ NYK,W,8,0,1,0.0,0,0,0.0,0,0,0.0,1,0,1,2,0,1,0,0,0,-1,1,Luke Kornet
22023,201143,0022301167,"APR 11, 2024",BOS vs. NYK,L,16,2,3,0.667,2,3,0.667,0,0,0.0,0,2,2,1,1,2,1,2,6,-18,1,Al Horford
22023,201143,0022301134,"APR 07, 2024",BOS vs. POR,W,21,3,6,0.5,1,4,0.25,0,0,0.0,1,5,6,3,1,0,1,0,7,7,1,Al Horford
22023,201143,0022301118,"APR 05, 2024",BOS vs. SAC,W,20,3,7,0.429,1,5,0.2,1,2,0.5,0,6,6,1,0,1,0,0,8,3,1,Al Horford
22023,201143,0022301105,"APR 03, 2024",BOS vs. OKC,W,25,7,10,0.7,2,4,0.5,0,0,0.0,2,2,4,2,0,1,2,1,16,32,1,Al Horford
22023,201143,0022301087,"APR 01, 2024",BOS @ CHA,W,25,6,11,0.545,3,6,0.5,0,0,0.0,3,2,5,3,0,0,0,0,15,8,1,Al Horford
22023,201143,0022301074,"MAR 30, 2024",BOS @ NOP,W,30,4,7,0.571,1,3,0.333,0,0,0.0,0,6,6,2,1,1,0,1,9,8,1,Al Horford
22023,201143,0022301034,"MAR 25, 2024",BOS @ ATL,L,36,3,5,0.6,1,2,0.5,0,0,0.0,1,8,9,2,1,1,1,1,7,-5,1,Al Horford
22023,201143,0022301023,"MAR 23, 2024",BOS @ CHI,W,31,8,16,0.5,5,10,0.5,2,2,1.0,2,6,8,1,0,0,2,1,23,9,1,Al Horford
22023,201143,0022300998,"MAR 20, 2024",BOS vs. MIL,W,38,3,3,1.0,2,2,1.0,0,0,0.0,1,3,4,4,1,1,2,2,8,15,1,Al Horford
22023,201143,0022300980,"MAR 17, 2024",BOS @ WAS,W,23,5,7,0.714,2,4,0.5,2,2,1.0,2,2,4,2,0,0,1,3,14,16,1,Al Horford
22023,201143,0022300955,"MAR 14, 2024",BOS vs. PHX,W,33,8,14,0.571,6,10,0.6,2,2,1.0,2,1,3,3,3,1,1,1,24,15,1,Al Horford
22023,201143,0022300938,"MAR 11, 2024",BOS @ POR,W,30,4,4,1.0,3,3,1.0,0,0,0.0,0,4,4,4,1,3,0,1,11,11,1,Al Horford
22023,201143,0022300920,"MAR 09, 2024",BOS @ PHX,W,32,4,12,0.333,1,7,0.143,0,0,0.0,3,9,12,3,1,0,1,4,9,0,1,Al Horford
22023,201143,0022300906,"MAR 07, 2024",BOS @ DEN,L,19,0,2,0.0,0,1,0.0,2,2,1.0,1,3,4,0,0,0,0,1,2,-10,1,Al Horford
22023,201143,0022300886,"MAR 05, 2024",BOS @ CLE,L,20,3,8,0.375,1,4,0.25,0,0,0.0,2,3,5,0,1,0,1,1,7,-2,1,Al Horford
22023,201143,0022300872,"MAR 03, 2024",BOS vs. GSW,W,21,3,5,0.6,1,2,0.5,0,0,0.0,0,4,4,4,1,0,0,2,7,35,1,Al Horford
22023,201143,0022300859,"MAR 01, 2024",BOS vs. DAL,W,28,5,8,0.625,2,5,0.4,0,0,0.0,1,7,8,3,0,2,1,1,12,21,1,Al Horford
22023,201143,0022300836,"FEB 27, 2024",BOS vs. PHI,W,21,4,6,0.667,0,2,0.0,0,0,0.0,0,5,5,1,1,1,0,1,8,-5,1,Al Horford
22023,201143,0022300816,"FEB 24, 2024",BOS @ NYK,W,26,5,7,0.714,0,0,0.0,0,0,0.0,4,3,7,0,0,1,0,2,10,11,1,Al Horford
22023,201143,0022300797,"FEB 22, 2024",BOS @ CHI,W,23,0,1,0.0,0,0,0.0,0,0,0.0,1,4,5,0,0,1,1,1,0,1,1,Al Horford
22023,201143,0022300771,"FEB 13, 2024",BOS @ BKN,W,37,6,6,1.0,2,2,1.0,2,2,1.0,1,5,6,4,1,0,0,0,16,2,1,Al Horford
22023,201143,0022300759,"FEB 11, 2024",BOS @ MIA,W,25,1,5,0.2,0,2,0.0,2,2,1.0,0,5,5,0,0,3,0,1,4,2,1,Al Horford
22023,201143,0022300743,"FEB 09, 2024",BOS vs. WAS,W,23,2,5,0.4,1,2,0.5,1,2,0.5,2,3,5,1,2,0,0,1,6,7,1,Al Horford
22023,201143,0022300729,"FEB 07, 2024",BOS vs. ATL,W,36,5,12,0.417,4,9,0.444,0,0,0.0,2,6,8,8,2,4,1,1,14,12,1,Al Horford
22023,201143,0022300706,"FEB 04, 2024",BOS vs. MEM,W,23,5,9,0.556,1,5,0.2,0,0,0.0,0,5,5,2,2,0,1,1,11,27,1,Al Horford
22023,201143,0022300684,"FEB 01, 2024",BOS vs. LAL,L,24,2,6,0.333,2,6,0.333,0,0,0.0,0,9,9,1,1,2,0,0,6,3,1,Al Horford
22023,201143,0022300659,"JAN 29, 2024",BOS vs. NOP,W,36,4,9,0.444,3,6,0.5,0,0,0.0,1,7,8,4,0,1,0,1,11,12,1,Al Horford
22023,201143,0022300646,"JAN 27, 2024",BOS vs. LAC,L,19,0,5,0.0,0,4,0.0,0,0,0.0,0,2,2,1,0,0,1,1,0,-21,1,Al Horford
22023,201143,0022300630,"JAN 25, 2024",BOS @ MIA,W,23,3,4,0.75,2,3,0.667,0,0,0.0,0,7,7,6,0,1,1,2,8,12,1,Al Horford
22023,201143,0022300611,"JAN 22, 2024",BOS @ DAL,W,31,4,7,0.571,3,6,0.5,0,0,0.0,1,5,6,3,1,0,1,2,11,8,1,Al Horford
22023,201143,0022300586,"JAN 19, 2024",BOS vs. DEN,L,27,2,5,0.4,2,5,0.4,0,0,0.0,3,7,10,2,0,0,0,3,6,4,1,Al Horford
22023,201143,0022300571,"JAN 17, 2024",BOS vs. SAS,W,25,3,4,0.75,3,4,0.75,0,0,0.0,0,3,3,0,1,0,0,2,9,14,1,Al Horford
22023,201143,0022300563,"JAN 15, 2024",BOS @ TOR,W,35,4,10,0.4,2,4,0.5,0,0,0.0,2,9,11,2,1,0,1,3,10,1,1,Al Horford
22023,201143,0022300542,"JAN 13, 2024",BOS vs. HOU,W,20,2,3,0.667,1,2,0.5,2,2,1.0,0,4,4,1,0,1,0,0,7,29,1,Al Horford
22023,201143,0022300517,"JAN 10, 2024",BOS vs. MIN,W,38,3,8,0.375,3,6,0.5,0,0,0.0,1,7,8,5,0,0,1,3,9,2,1,Al Horford
22023,201143,0022300507,"JAN 08, 2024",BOS @ IND,L,32,4,5,0.8,3,4,0.75,0,0,0.0,0,6,6,0,0,1,1,1,11,-9,1,Al Horford
22023,201143,0022300493,"JAN 06, 2024",BOS @ IND,W,30,4,8,0.5,2,5,0.4,0,2,0.0,1,6,7,8,1,2,2,1,10,10,1,Al Horford
22023,201143,0022300462,"JAN 02, 2024",BOS @ OKC,L,20,3,5,0.6,1,3,0.333,0,0,0.0,0,2,2,3,1,5,0,0,7,-13,1,Al Horford
22023,201143,0022300448,"DEC 31, 2023",BOS @ SAS,W,20,3,5,0.6,1,3,0.333,0,0,0.0,1,6,7,4,0,0,0,0,7,17,1,Al Horford
22023,201143,0022300421,"DEC 28, 2023",BOS vs. DET,W,37,3,4,0.75,2,3,0.667,0,0,0.0,2,3,5,3,1,1,1,1,8,10,1,Al Horford
22023,201143,0022300403,"DEC 25, 2023",BOS @ LAL,W,23,2,4,0.5,2,4,0.5,0,0,0.0,0,6,6,1,0,1,0,3,6,1,1,Al Horford
22023,201143,0022300389,"DEC 23, 2023",BOS @ LAC,W,27,2,6,0.333,2,5,0.4,0,0,0.0,0,8,8,5,1,2,0,2,6,24,1,Al Horford
22023,201143,0022300362,"DEC 19, 2023",BOS @ GSW,L,38,4,14,0.286,3,10,0.3,2,2,1.0,2,10,12,6,0,1,2,1,13,-8,1,Al Horford
22023,201143,0022300344,"DEC 17, 2023",BOS vs. ORL,W,24,3,7,0.429,2,3,0.667,0,0,0.0,1,7,8,2,0,1,0,2,8,19,1,Al Horford
22023,201143,0022300319,"DEC 14, 2023",BOS vs. CLE,W,24,3,4,0.75,1,2,0.5,0,0,0.0,3,7,10,3,0,1,0,1,7,9,1,Al Horford
22023,201143,0022300305,"DEC 12, 2023",BOS vs. CLE,W,22,1,3,0.333,0,2,0.0,0,0,0.0,2,3,5,1,1,0,0,0,2,13,1,Al Horford
22023,201143,0022301227,"DEC 08, 2023",BOS vs. NYK,W,27,5,8,0.625,3,6,0.5,1,1,1.0,2,8,10,2,0,0,2,1,14,9,1,Al Horford
22023,201143,0022301202,"DEC 04, 2023",BOS @ IND,L,31,1,3,0.333,0,1,0.0,0,0,0.0,2,5,7,4,0,1,2,1,2,-2,1,Al Horford
22023,201143,0022300275,"DEC 01, 2023",BOS vs. PHI,W,33,7,9,0.778,2,4,0.5,4,4,1.0,2,4,6,3,1,2,1,4,20,10,1,Al Horford
22023,201143,0022300053,"NOV 28, 2023",BOS vs. CHI,W,28,6,8,0.75,4,6,0.667,0,0,0.0,0,9,9,6,2,3,3,3,16,18,1,Al Horford
22023,201143,0022300246,"NOV 26, 2023",BOS vs. ATL,W,32,3,8,0.375,0,5,0.0,0,0,0.0,3,12,15,3,1,2,0,1,6,17,1,Al Horford
22023,201143,0022300043,"NOV 24, 2023",BOS @ ORL,L,33,1,5,0.2,1,5,0.2,0,0,0.0,0,5,5,3,0,0,1,4,3,-26,1,Al Horford
22023,201143,0022300228,"NOV 22, 2023",BOS vs. MIL,W,31,4,7,0.571,2,3,0.667,1,1,1.0,1,7,8,6,0,1,0,1,11,5,1,Al Horford
22023,201143,0022300213,"NOV 19, 2023",BOS @ MEM,W,22,2,5,0.4,1,3,0.333,0,0,0.0,2,1,3,2,0,0,0,2,5,2,1,Al Horford
22023,201143,0022300031,"NOV 17, 2023",BOS @ TOR,W,23,4,5,0.8,3,4,0.75,0,0,0.0,1,3,4,2,0,0,0,1,11,-3,1,Al Horford
22023,201143,0022300194,"NOV 15, 2023",BOS @ PHI,W,29,5,9,0.556,4,8,0.5,0,0,0.0,1,7,8,3,0,5,0,2,14,14,1,Al Horford
22023,201143,0022300188,"NOV 13, 2023",BOS vs. NYK,W,22,1,2,0.5,0,1,0.0,0,0,0.0,0,4,4,0,0,0,1,2,2,2,1,Al Horford
22023,201143,0022300174,"NOV 11, 2023",BOS vs. TOR,W,24,3,5,0.6,1,3,0.333,0,0,0.0,1,6,7,4,0,0,0,2,7,11,1,Al Horford
22023,201143,0022300159,"NOV 08, 2023",BOS @ PHI,L,26,1,6,0.167,1,6,0.167,0,0,0.0,0,5,5,3,0,2,1,1,3,-23,1,Al Horford
22023,201143,0022300154,"NOV 06, 2023",BOS @ MIN,L,36,1,5,0.2,1,4,0.25,0,0,0.0,2,3,5,4,1,0,2,4,3,7,1,Al Horford
22023,201143,0022300136,"NOV 04, 2023",BOS @ BKN,W,30,4,7,0.571,0,3,0.0,0,0,0.0,2,5,7,3,1,1,0,1,8,29,1,Al Horford
22023,201143,0022300118,"NOV 01, 2023",BOS vs. IND,W,11,1,3,0.333,1,1,1.0,2,2,1.0,2,2,4,0,1,1,1,0,5,7,1,Al Horford
22023,201143,0022300103,"OCT 30, 2023",BOS @ WAS,W,16,4,9,0.444,0,3,0.0,0,0,0.0,4,1,5,1,2,0,0,1,8,4,1,Al Horford
22023,201143,0022300080,"OCT 27, 2023",BOS vs. MIA,W,25,0,6,0.0,0,2,0.0,0,0,0.0,3,7,10,2,0,1,3,1,0,7,1,Al Horford
22023,201143,0022300065,"OCT 25, 2023",BOS @ NYK,W,26,3,4,0.75,2,3,0.667,0,0,0.0,3,4,7,2,0,0,3,2,8,-7,1,Al Horford
22023,1630531,0022301186,"APR 14, 2024",BOS vs. WAS,W,20,2,4,0.5,1,2,0.5,2,2,1.0,0,2,2,0,3,1,1,2,7,-9,1,Jaden Springer
22023,1630531,0022301173,"APR 12, 2024",BOS vs. CHA,W,25,4,6,0.667,0,0,0.0,3,4,0.75,0,6,6,4,3,0,1,3,11,17,1,Jaden Springer
22023,1630531,0022301167,"APR 11, 2024",BOS vs. NYK,L,13,1,2,0.5,1,2,0.5,0,0,0.0,0,1,1,0,2,0,1,1,3,21,1,Jaden Springer
22023,1630531,0022301134,"APR 07, 2024",BOS vs. POR,W,1,0,0,0.0,0,0,0.0,0,0,0.0,0,0,0,0,1,0,1,0,0,3,1,Jaden Springer
22023,1630531,0022301034,"MAR 25, 2024",BOS @ ATL,L,8,1,2,0.5,0,1,0.0,0,0,0.0,0,1,1,0,0,1,0,2,2,-3,1,Jaden Springer
22023,1630531,0022301023,"MAR 23, 2024",BOS @ CHI,W,0,0,0,0.0,0,0,0.0,0,0,0.0,0,0,0,0,0,0,0,0,0,0,1,Jaden Springer
22023,1630531,0022301011,"MAR 22, 2024",BOS @ DET,W,3,0,0,0.0,0,0,0.0,0,0,0.0,0,0,0,0,0,0,0,0,0,6,1,Jaden Springer
22023,1630531,0022300984,"MAR 18, 2024",BOS vs. DET,W,22,2,5,0.4,0,2,0.0,2,2,1.0,4,0,4,4,0,2,0,2,6,10,1,Jaden Springer
22023,1630531,0022300980,"MAR 17, 2024",BOS @ WAS,W,16,1,3,0.333,0,2,0.0,0,0,0.0,1,1,2,0,1,0,3,4,2,-6,1,Jaden Springer
22023,1630531,0022300943,"MAR 12, 2024",BOS @ UTA,W,1,0,0,0.0,0,0,0.0,0,0,0.0,0,0,0,0,0,0,0,0,0,0,1,Jaden Springer
22023,1630531,0022300938,"MAR 11, 2024",BOS @ POR,W,2,0,0,0.0,0,0,0.0,0,0,0.0,0,0,0,0,1,0,0,0,0,2,1,Jaden Springer
22023,1630531,0022300920,"MAR 09, 2024",BOS @ PHX,W,0,0,0,0.0,0,0,0.0,0,0,0.0,0,0,0,0,0,0,0,1,0,-1,1,Jaden Springer
22023,1630531,0022300872,"MAR 03, 2024",BOS vs. GSW,W,12,1,4,0.25,0,1,0.0,0,0,0.0,1,1,2,1,0,0,1,1,2,-1,1,Jaden Springer
22023,1630531,0022300859,"MAR 01, 2024",BOS vs. DAL,W,2,1,2,0.5,0,0,0.0,0,0,0.0,1,0,1,0,0,0,0,0,2,3,1,Jaden Springer
22023,1630531,0022300836,"FEB 27, 2024",BOS vs. PHI,W,2,0,1,0.0,0,0,0.0,0,0,0.0,1,0,1,0,0,0,0,1,0,-2,1,Jaden Springer
22023,1630531,0022300816,"FEB 24, 2024",BOS @ NYK,W,1,0,0,0.0,0,0,0.0,0,0,0.0,0,0,0,0,0,0,0,0,0,-2,1,Jaden Springer
22023,1630531,0022300797,"FEB 22, 2024",BOS @ CHI,W,2,0,1,0.0,0,1,0.0,0,0,0.0,0,0,0,0,0,0,0,0,0,0,1,Jaden Springer
22023,1630531,0022300727,"FEB 07, 2024",PHI vs. GSW,L,23,3,9,0.333,0,3,0.0,2,2,1.0,2,2,4,1,2,1,1,2,8,-11,1,Jaden Springer
22023,1630531,0022300715,"FEB 05, 2024",PHI vs. DAL,L,21,3,7,0.429,0,2,0.0,2,2,1.0,1,4,5,4,3,0,1,1,8,-5,1,Jaden Springer
22023,1630531,0022300698,"FEB 03, 2024",PHI vs. BKN,L,26,4,7,0.571,0,1,0.0,3,3,1.0,3,2,5,3,1,0,1,1,11,-7,1,Jaden Springer
22023,1630531,0022300686,"FEB 01, 2024",PHI @ UTA,W,19,1,4,0.25,1,2,0.5,0,0,0.0,0,1,1,2,1,0,0,3,3,-4,1,Jaden Springer
22023,1630531,0022300673,"JAN 30, 2024",PHI @ GSW,L,21,4,7,0.571,1,3,0.333,1,1,1.0,0,5,5,2,4,0,1,4,10,8,1,Jaden Springer
22023,1630531,0022300668,"JAN 29, 2024",PHI @ POR,L,8,2,4,0.5,1,1,1.0,3,4,0.75,1,1,2,0,1,0,2,1,8,0,1,Jaden Springer
22023,1630531,0022300644,"JAN 27, 2024",PHI @ DEN,L,7,0,0,0.0,0,0,0.0,0,0,0.0,0,1,1,1,0,1,2,3,0,-1,1,Jaden Springer
22023,1630531,0022300627,"JAN 25, 2024",PHI @ IND,L,15,2,3,0.667,0,0,0.0,4,4,1.0,0,2,2,0,0,0,0,0,8,-3,1,Jaden Springer
22023,1630531,0022300532,"JAN 12, 2024",PHI vs. SAC,W,3,1,3,0.333,0,0,0.0,0,0,0.0,0,1,1,0,0,0,0,1,2,1,1,Jaden Springer
22023,1630531,0022300521,"JAN 10, 2024",PHI @ ATL,L,13,1,2,0.5,0,0,0.0,0,0,0.0,0,1,1,0,1,0,0,2,2,-3,1,Jaden Springer
22023,1630531,0022300495,"JAN 06, 2024",PHI vs. UTA,L,13,0,3,0.0,0,3,0.0,0,0,0.0,1,1,2,2,0,0,0,1,0,-15,1,Jaden Springer
22023,1630531,0022300483,"JAN 05, 2024",PHI vs. NYK,L,15,1,7,0.143,0,3,0.0,1,2,0.5,1,0,1,1,1,1,0,1,3,-12,1,Jaden Springer
22023,1630531,0022300459,"JAN 02, 2024",PHI vs. CHI,W,21,2,4,0.5,0,2,0.0,0,0,0.0,2,0,2,2,1,1,2,4,4,-15,1,Jaden Springer
22023,1630531,0022300415,"DEC 27, 2023",PHI @ ORL,W,1,0,0,0.0,0,0,0.0,0,0,0.0,0,0,0,0,0,0,1,0,0,-3,1,Jaden Springer
22023,1630531,0022300404,"DEC 25, 2023",PHI @ MIA,L,1,0,0,0.0,0,0,0.0,0,0,0.0,0,0,0,0,0,0,0,0,0,-2,1,Jaden Springer
22023,1630531,0022300382,"DEC 22, 2023",PHI vs. TOR,W,1,0,0,0.0,0,0,0.0,0,0,0.0,0,0,0,0,0,0,0,0,0,-3,1,Jaden Springer
22023,1630531,0022300367,"DEC 20, 2023",PHI vs. MIN,W,2,0,0,0.0,0,0,0.0,0,0,0.0,0,0,0,1,0,0,0,0,0,2,1,Jaden Springer
22023,1630531,0022300335,"DEC 16, 2023",PHI @ CHA,W,12,2,5,0.4,0,0,0.0,2,2,1.0,1,1,2,1,1,0,2,0,6,12,1,Jaden Springer
22023,1630531,0022300327,"DEC 15, 2023",PHI vs. DET,W,12,4,9,0.444,1,3,0.333,0,0,0.0,1,1,2,3,2,1,0,3,9,0,1,Jaden Springer
22023,1630531,0022300310,"DEC 13, 2023",PHI @ DET,W,7,1,2,0.5,1,1,1.0,2,4,0.5,0,0,0,2,0,0,0,1,5,-12,1,Jaden Springer
22023,1630531,0022300295,"DEC 11, 2023",PHI vs. WAS,W,9,2,5,0.4,0,1,0.0,2,2,1.0,0,0,0,0,2,0,1,3,6,4,1,Jaden Springer
22023,1630531,0022300232,"NOV 22, 2023",PHI @ MIN,L,8,0,4,0.0,0,2,0.0,0,0,0.0,2,1,3,1,1,0,2,1,0,2,1,Jaden Springer
22023,1630531,0022300040,"NOV 21, 2023",PHI vs. CLE,L,7,0,1,0.0,0,0,0.0,0,0,0.0,1,0,1,0,0,0,1,2,0,-7,1,Jaden Springer
22023,1630531,0022300208,"NOV 19, 2023",PHI @ BKN,W,21,3,6,0.5,2,4,0.5,2,2,1.0,2,3,5,2,0,0,0,1,10,-1,1,Jaden Springer
22023,1630531,0022300029,"NOV 17, 2023",PHI @ ATL,W,22,3,7,0.429,0,2,0.0,2,2,1.0,3,0,3,2,1,2,3,3,8,0,1,Jaden Springer
22023,1630531,0022300194,"NOV 15, 2023",PHI vs. BOS,L,20,4,5,0.8,1,1,1.0,0,0,0.0,0,2,2,0,2,0,2,2,9,20,1,Jaden Springer
22023,1630531,0022300008,"NOV 10, 2023",PHI @ DET,W,5,1,1,1.0,0,0,0.0,0,0,0.0,0,0,0,0,0,0,0,1,2,-6,1,Jaden Springer
22023,1630531,0022300148,"NOV 06, 2023",PHI vs. WAS,W,12,0,4,0.0,0,1,0.0,2,4,0.5,1,0,1,0,1,0,1,1,2,5,1,Jaden Springer
22023,1630531,0022300132,"NOV 04, 2023",PHI vs. PHX,W,11,1,4,0.25,0,1,0.0,0,0,0.0,1,2,3,2,0,1,1,1,2,-6,1,Jaden Springer
22023,1630531,0022300128,"NOV 02, 2023",PHI vs. TOR,W,9,0,1,0.0,0,0,0.0,0,0,0.0,1,1,2,1,0,0,1,1,0,8,1,Jaden Springer
22023,1630531,0022300098,"OCT 29, 2023",PHI vs. POR,W,8,1,3,0.333,0,0,0.0,0,0,0.0,1,1,2,2,0,1,1,4,2,-1,1,Jaden Springer
22023,1630531,0022300075,"OCT 26, 2023",PHI @ MIL,L,5,0,1,0.0,0,1,0.0,0,0,0.0,0,0,0,0,0,2,0,1,0,-10,1,Jaden Springer
22023,1629674,0022301186,"APR 14, 2024",BOS vs. WAS,W,20,8,11,0.727,0,0,0.0,3,4,0.75,3,6,9,1,0,6,3,2,19,-4,1,Neemias Queta
22023,1629674,0022301173,"APR 12, 2024",BOS vs. CHA,W,18,8,10,0.8,0,0,0.0,0,0,0.0,4,2,6,5,2,0,0,2,16,25,1,Neemias Queta
22023,1629674,0022301011,"MAR 22, 2024",BOS @ DET,W,3,2,2,1.0,0,0,0.0,1,2,0.5,1,1,2,2,1,0,0,0,5,6,1,Neemias Queta
22023,1629674,0022300980,"MAR 17, 2024",BOS @ WAS,W,8,0,0,0.0,0,0,0.0,0,0,0.0,0,2,2,0,0,0,1,1,0,2,1,Neemias Queta
22023,1629674,0022300938,"MAR 11, 2024",BOS @ POR,W,2,0,1,0.0,0,0,0.0,1,2,0.5,1,0,1,1,0,1,0,0,1,2,1,Neemias Queta
22023,1629674,0022300780,"FEB 14, 2024",BOS vs. BKN,W,13,4,6,0.667,0,0,0.0,0,0,0.0,2,2,4,0,1,0,1,3,8,9,1,Neemias Queta
22023,1629674,0022300706,"FEB 04, 2024",BOS vs. MEM,W,10,4,4,1.0,0,0,0.0,0,0,0.0,4,4,8,0,2,0,0,0,8,18,1,Neemias Queta
22023,1629674,0022300684,"FEB 01, 2024",BOS vs. LAL,L,13,3,5,0.6,0,0,0.0,1,1,1.0,4,3,7,1,0,1,0,2,7,7,1,Neemias Queta
22023,1629674,0022300670,"JAN 30, 2024",BOS vs. IND,W,14,2,3,0.667,0,0,0.0,0,1,0.0,0,1,1,1,0,2,1,1,4,15,1,Neemias Queta
22023,1629674,0022300659,"JAN 29, 2024",BOS vs. NOP,W,10,2,4,0.5,0,0,0.0,0,0,0.0,0,2,2,1,0,1,1,1,4,-3,1,Neemias Queta
22023,1629674,0022300646,"JAN 27, 2024",BOS vs. LAC,L,12,4,4,1.0,0,0,0.0,0,0,0.0,2,3,5,1,0,2,0,0,8,15,1,Neemias Queta
22023,1629674,0022300630,"JAN 25, 2024",BOS @ MIA,W,4,0,0,0.0,0,0,0.0,0,0,0.0,0,1,1,0,0,1,0,2,0,3,1,Neemias Queta
22023,1629674,0022300603,"JAN 21, 2024",BOS @ HOU,W,3,0,0,0.0,0,0,0.0,0,0,0.0,0,0,0,0,1,0,0,2,0,-1,1,Neemias Queta
22023,1629674,0022300571,"JAN 17, 2024",BOS vs. SAS,W,12,2,4,0.5,0,0,0.0,2,2,1.0,4,4,8,0,0,2,0,5,6,6,1,Neemias Queta
22023,1629674,0022300528,"JAN 11, 2024",BOS @ MIL,L,13,2,4,0.5,0,0,0.0,0,0,0.0,1,2,3,0,0,1,1,1,4,-4,1,Neemias Queta
22023,1629674,0022300479,"JAN 05, 2024",BOS vs. UTA,W,4,0,1,0.0,0,0,0.0,0,0,0.0,0,0,0,0,0,0,0,2,0,-5,1,Neemias Queta
22023,1629674,0022300448,"DEC 31, 2023",BOS @ SAS,W,5,2,2,1.0,0,0,0.0,1,1,1.0,0,2,2,0,0,1,0,0,5,1,1,Neemias Queta
22023,1629674,0022300432,"DEC 29, 2023",BOS vs. TOR,W,14,3,3,1.0,0,0,0.0,0,0,0.0,1,4,5,1,0,0,0,0,6,3,1,Neemias Queta
22023,1629674,0022300421,"DEC 28, 2023",BOS vs. DET,W,20,2,2,1.0,0,0,0.0,1,2,0.5,0,2,2,0,1,0,0,4,5,-3,1,Neemias Queta
22023,1629674,0022300403,"DEC 25, 2023",BOS @ LAL,W,7,0,0,0.0,0,0,0.0,0,0,0.0,0,1,1,1,1,0,0,3,0,-10,1,Neemias Queta
22023,1629674,0022300389,"DEC 23, 2023",BOS @ LAC,W,23,4,7,0.571,0,0,0.0,6,8,0.75,6,6,12,3,0,0,1,5,14,14,1,Neemias Queta
22023,1629674,0022300373,"DEC 20, 2023",BOS @ SAC,W,19,3,8,0.375,0,0,0.0,0,0,0.0,4,4,8,0,1,0,1,5,6,3,1,Neemias Queta
22023,1629674,0022300362,"DEC 19, 2023",BOS @ GSW,L,21,5,8,0.625,0,0,0.0,0,0,0.0,6,4,10,1,1,0,0,0,10,10,1,Neemias Queta
22023,1629674,0022300344,"DEC 17, 2023",BOS vs. ORL,W,16,1,2,0.5,0,0,0.0,0,0,0.0,0,3,3,0,0,0,0,1,2,8,1,Neemias Queta
22023,1629674,0022300329,"DEC 15, 2023",BOS vs. ORL,W,18,2,3,0.667,0,0,0.0,0,0,0.0,2,1,3,1,1,3,1,6,4,13,1,Neemias Queta
22023,1629674,0022300275,"DEC 01, 2023",BOS vs. PHI,W,10,1,1,1.0,0,0,0.0,3,4,0.75,2,3,5,0,0,0,2,1,5,3,1,Neemias Queta
22023,1629674,0022300246,"NOV 26, 2023",BOS vs. ATL,W,15,3,8,0.375,0,0,0.0,1,1,1.0,6,4,10,0,1,0,0,0,7,5,1,Neemias Queta
22023,1629674,0022300213,"NOV 19, 2023",BOS @ MEM,W,5,0,1,0.0,0,0,0.0,0,0,0.0,0,2,2,0,0,0,0,1,0,-3,1,Neemias Queta
